BottleID,SampleID,Site,CollectionSampleID,Timepoint,Rep,DateE,Date,TimeET,TimeETFormatted,DateTimeET,TimeGMT,TimeGMTFormatted,DateTimeGMT,SampType,LowTideET0,HighTideET6,RelTide,Collector,Temp1,Temp2,Temp3,TempMean,SalCorrFactor,Sal1,Sal2,Sal3,SalMean,SalCorr,pHCorrFactor,pH1,pH2,pH3,pHmean,pHMeas,pHNBS,pHSW,DateVindtaRun,RecalcSheet,mV,VINDTA_pH,VINDTATemp,origDIC,origAT,corrDIC,DICfromAT,corrAT,ATfromDICpH,PercATdiff,CalcpHNBS,pCO2,HCO3,CO3,CO2,OmegaCalc,OmegaAr,Notes
L18_F_20180605_51_21Jun2018,BARN_20180605_S1,BARN,L18_F_20180605_S1,1,1,20180605,2018-06-05,,,,,NA,NA,Single,,,,,,,,NA,20200316CRM,30.4,30.3,30.4,30.36666667,30.02400333,NA,NA,NA,NA,NA,NA,,NA,6/21/2018,FieldSamples_Recalc_21Jun18,143.6,7.829,25.021,1894.57,2050.52,1915.002198,1918.977817,2054.774893,,-100.0,,,,,,,,should be S1 and not 51 in the bottle id
L18_F_20180605_52_21Jun2018,BARN_20180605_S2,BARN,L18_F_20180605_S2,1,2,20180605,2018-06-05,,,,,NA,NA,Single,,,,,,,,NA,20200316CRM,32.9,32.9,32.9,32.9,32.52719,NA,NA,NA,NA,NA,NA,,NA,6/21/2018,FieldSamples_Recalc_21Jun18,143.35,7.835,25.075001,1895.39,2049.21,1915.831042,1909.43101,2050.250658,,-100.0,,,,,,,,should be S2 and not 52 in the bottle id
L18_F_20180605_BarnS3_12Jul18,BARN_20180605_S3,BARN,L18_F_20180605_BarnS3,1,3,20180605,2018-06-05,,,,,NA,NA,Single,,,,,,,,NA,20190621CRM,25.9,26,25.9,25.93333333,25.62916,NA,NA,NA,NA,NA,NA,,NA,7/12/2018,FieldSamples_Recalc_12Jul18,142.65,7.826,25.072001,1935.63,2055.73,1928.822208,1917.010275,2058.811396,,-100.0,,,,,,,,DIC run separately; odd that there are three samples for this day. 
L18_F_20180618_51-21Jun2018,BARN_20180618_S1,BARN,L18_F_20180618_51,1,1,20180618,2018-06-18,1120,11:20:00,6/18/2018 11:20,1520,15:20:00,2018-06-18 15:20:00,Single,6/18/2018 10:46,6/18/2018 16:01,0.647619048,ADW,22.2,NA,NA,22.2,20190621CRM,29.6,29.6,29.6,29.6,29.39886,20180618pH,-23.3,-23.3,-23.6,-23.4,7.406299213,,,6/21/2018,FieldSamples_Recalc_21Jun18,167.05,7.429,25.054001,1992.74,2032.34,2014.230923,2023.258332,2038.453541,1988.893555,-2.4,7.6,1647.328661,1909.821903,52.76751212,51.64152156,1.317003298,0.849160724,
L18_F_20180618_52_21Jun2018,BARN_20180618_S2,BARN,L18_F_20180618_52,1,2,20180618,2018-06-18,1120,11:20:00,6/18/2018 11:20,1520,15:20:00,2018-06-18 15:20:00,Single,6/18/2018 10:46,6/18/2018 16:01,0.647619048,ADW,22.2,NA,NA,22.2,20190621CRM,29.6,29.6,29.6,29.6,29.39886,20180618pH,-23.3,-23.3,-23.6,-23.4,7.406299213,,,6/21/2018,FieldSamples_Recalc_21Jun18,166.55,7.436,25.066999,1991.91,2028.05,2013.391972,2012.748905,2034.380727,1988.109863,-2.3,7.6,1689.458168,1909.021288,51.40853566,52.9622245,1.283085147,0.827291407,
L18_F_20180618_BARN_03_08Mar19,BARN_20180618_S3,BARN,L18_F_20180618_BARN_03,1,3,20180618,2018-06-18,1120,11:20:00,6/18/2018 11:20,1520,15:20:00,2018-06-18 15:20:00,Single,6/18/2018 10:46,6/18/2018 16:01,0.647619048,ADW,22.2,NA,NA,22.2,20190621CRM,29.6,29.6,29.6,29.6,29.39886,20180618pH,-23.3,-23.3,-23.6,-23.4,7.406299213,,,3/8/2019,FieldSamples_Recalc_08Mar19,179.85,7.405,25.094999,2004.28,2025.18,2008.04732,2012.457441,2025.066798,1982.956177,-2.1,7.6,1739.231787,1903.857341,49.66751996,54.52256003,1.23963183,0.799274127,
L18_F_20180701_Barn_09_04Mar19,BARN_20180701_S9,BARN,L18_F_20180701_Barn_09,1,1,20180701,2018-07-01,,,,,NA,NA,Single,,,,,,,,NA,20190621CRM,28.3,28.3,28.2,28.26666667,28.02806,NA,NA,NA,NA,NA,NA,,NA,3/4/2019,FieldSamples_Recalc_04Mar19,167.6,7.603,24.964001,1836.65,1910.67,1836.22828,1842.451345,1914.267407,,-100.0,,,,,,,,are there BARN samples I am missing since this says 9?
L18_F_20180702_S1_25Jun19,BARN_20180702_S1,BARN,L18_F_20180702_S1,1,1,20180702,2018-07-02,,,,,NA,NA,Single,,,,,,,,NA,20190625CRM,26.8,26.8,26.8,26.8,26.50684,NA,NA,NA,NA,NA,NA,,NA,6/25/2019,FieldSamples_Recalc_25Jun19,186.65,7.126,25.358,1934.48,1908.92,1937.747812,1964.478889,1933.835374,,-100.0,,,,,,,,
L18_F_20180702_S2_25Jun19,BARN_20180702_S2,BARN,L18_F_20180702_S2,1,2,20180702,2018-07-02,,,,,NA,NA,Single,,,,,,,,NA,20190625CRM,26.8,26.8,26.8,26.8,26.50684,NA,NA,NA,NA,NA,NA,,NA,6/25/2019,FieldSamples_Recalc_25Jun19,179.95,7.248,25.402,1936.82,1925.77,1940.091765,1953.312837,1949.600528,,-100.0,,,,,,,,
L18_F_20180702_S1_BARN,BARN_20180702_S1,BARN,L18_F_20180702_S1_BARN,1,3,20180702,2018-07-02,,,,,NA,NA,Single,,,,,,,,NA,20190625CRM,26.5,26.5,26.5,26.5,26.1952,NA,NA,NA,NA,NA,NA,,NA,,,,,,,,,,,,,,,,,,,,
L18_F_20180706_S2_BARN,BARN_20180706_S2,BARN,L18_F_20180706_S2_BARN,1,1,20180706,2018-07-06,,,,,NA,NA,Single,,,,,,,,NA,20190621CRM,27,27,26.9,26.96666667,26.69153,NA,NA,NA,NA,NA,NA,,NA,,,,,,,,,,,,,,,,,,,,
,BARN_20180710_S1,BARN,,1,1,20180710,2018-07-10,,,,,NA,NA,Single,,,,,,,,NA,,,,,,,20180710pH,-8,-7,-7,-7.333333333,6.525714286,,0.125714286,,,,,,,,,,,,,,,,,,,,
L18_F_20180716_BARN_S1_25Jun19,BARN_20180716_S1,BARN,L18_F_20180716_BARN_S1,1,1,20180716,2018-07-16,,,,,NA,NA,Single,,,,,,,,NA,20190625CRM,28.8,28.8,28.8,28.8,28.58444,NA,NA,NA,NA,NA,NA,,NA,6/25/2019,FieldSamples_Recalc_25Jun19,178.05,7.299,24.426001,1940.85,1925.65,1944.128573,1935.409834,1947.253384,,-100.0,,,,,,,,
L18_F_20180716_BARN_S2_25Jun19,BARN_20180716_S2,BARN,L18_F_20180716_BARN_S2,1,2,20180716,2018-07-16,,,,,NA,NA,Single,,,,,,,,NA,20190625CRM,28.5,28.6,28.7,28.6,28.37668,NA,NA,NA,NA,NA,NA,,NA,6/25/2019,FieldSamples_Recalc_25Jun19,177.95,7.292,25.174999,1929.27,1913.27,1932.529011,1929.812077,1934.036846,,-100.0,,,,,,,,
L18_F_20180716_BARN_S3_25Jun19,BARN_20180716_S3,BARN,L18_F_20180716_BARN_S3,1,3,20180716,2018-07-16,,,,,NA,NA,Single,,,,,,,,NA,20190625CRM,28.8,28.8,28.8,28.8,28.58444,NA,NA,NA,NA,NA,NA,,NA,6/25/2019,FieldSamples_Recalc_25Jun19,176.8,7.312,25.278,1925.64,1915.4,1928.892879,1932.355619,1935.608325,,-100.0,,,,,,,,
L18_F_20180801_S1_BARN,BARN_20180801_S1,BARN,L18_F_20180801_S1_BARn,1,1,20180801,2018-08-01,,,,,NA,NA,Single,,,,,,,,NA,20190621CRM,29.1,29.1,29.1,29.1,28.88481,NA,NA,NA,NA,NA,NA,,NA,,,,,,,,,,,,,,,,,,,,
L18_F_20180811_BARN_830am_08Mar19,BARN_20180811_T0830,BARN,L18_F_20180811_BARN_830am,1,1,20180811,2018-08-11,,,,,NA,NA,Single,,,,,,,,NA,20190621CRM,22.6,22.7,22.8,22.7,22.30497,NA,NA,NA,NA,NA,NA,,NA,3/8/2019,FieldSamples_Recalc_08Mar19,182.35,7.33,25.142,1829.13,1813.63,1832.568101,1833.20986,1822.488115,,-100.0,,,,,,,,
L18_F_20180828_31May19,BARN_20180828_,BARN,L18_F_20180828,1,1,20180828,2018-08-28,915,9:15:00,8/28/2018 9:15,1315,13:15:00,2018-08-28 13:15:00,Single,8/28/2018 8:01,8/28/2018 13:31,1.345454545,ADW,24.7,NA,NA,24.7,20190621CRM,29.3,29.4,29.4,29.36666667,29.15897,20180828pHBARN,23.2,23,23.9,23.36666667,6.578260035,,NA,5/31/2019,FieldSamples_Recalc_31May19,170.5,7.453,24.598,1971.81,2001.52,1977.388504,1970.1357,2015.116645,1554.261353,-22.9,7.6,1578.564472,1872.227175,58.75358799,46.40775148,1.477783662,0.958702901,must be a replicate. Is it from BARN? 
L18_F_20180927_BARN_12Mar19,BARN_20180927_T0800,BARN,L18_F_20180927_BARN,1,1,20180927,2018-09-27,,,,,NA,NA,Single,,,,,,,,NA,20190621CRM,26.8,26.7,26.7,26.73333333,26.45164,NA,NA,NA,NA,NA,NA,,NA,3/12/2019,FieldSamples_Recalc_12Mar19,187.3,7.249,25.031,1950.88,1936.84,1962.935313,1964.278005,1946.022118,,-100.0,,,,,,,,
,BARN_20180928_,BARN,,1,1,20180928,2018-09-28,840,8:40:00,9/28/2018 8:40,1240,12:40:00,2018-09-28 12:40:00,Single,9/28/2018 8:46,9/28/2018 2:01,-0.088888889,ADW,25.3,25.3,25.3,25.3,,,,,,,20180928pHBARN,NA,NA,NA,NA,NA,,NA,,,,,,,,,,,,,,,,,,,,"pH omitted, but recorded in the field"
Barnstable_11-11-2018_830am,BARN_20181111_830am,BARN,,1,1,20181111,2018-11-11,830,8:30:00,11/11/2018 8:30,1330,13:30:00,2018-11-11 13:30:00,TwoHour,11/11/2018 9:16,11/11/2018 2:46,-0.707692308,,,,,NA,20190621CRM,23,22.9,22.9,22.93333333,22.54486,NA,NA,NA,NA,NA,NA,,NA,,,,,,,,,,,,,,,,,,,,
,BARN_20181111_,BARN,,2,1,20181111,2018-11-11,910,9:10:00,11/11/2018 9:10,1410,14:10:00,2018-11-11 14:10:00,TwoHour,11/11/2018 9:16,11/11/2018 2:46,-0.092307692,ADW,13.1,NA,NA,13.1,,,,,,,NA,NA,NA,NA,NA,NA,,NA,,,,,,,,,,,,,,,,,,,,logger pulled; Accumen not working
BARN_02_07-01-19_17Jul19,BARN_02_07-01-19,BARN,BARN_02_07-01-19,1,1,20190701,2019-07-01,1140,11:40:00,7/1/2019 11:40,1540,15:40:00,2019-07-01 15:40:00,Tidal,7/1/2019 17:31,7/1/2019 10:46,-5.203177085,EMM,22.3,NA,NA,22.3,20200316CRM,29.6,29.6,29.5,29.56666667,29.23352333,20190701pH_1140,-63,-63,-63,-63,7.75146771,,,7/17/2019,FieldSamples_Recalc_17Jul19,145.05,7.817,25.177999,1846.06,1977.57,1837.895624,1845.562294,1989.922406,1913.078369,-3.9,8.0,588.3436095,1702.027473,117.4574736,18.41065462,2.935692747,1.892281099,
BARN_03_07-01-19_17Jul19,BARN_03_07-01-19,BARN,BARN_03_07-01-19,1,2,20190701,2019-07-01,1140,11:40:00,7/1/2019 11:40,1540,15:40:00,2019-07-01 15:40:00,Tidal,7/1/2019 17:31,7/1/2019 10:46,-5.203177085,EMM,22.3,NA,NA,22.3,20200316CRM,29.2,29.2,29.2,29.2,28.87122,20190701pH_1140,-63,-63,-63,-63,7.75146771,,,7/17/2019,FieldSamples_Recalc_17Jul19,144.95,7.818,25.131001,1845.01,1979.39,1836.850268,1845.159855,1992.414796,1910.370728,-4.1,8.0,570.0539933,1699.094185,119.8832833,17.87272316,3.004092525,1.933917111,
BARN_04_07-01-19_17Jul19,BARN_04_07-01-19,BARN,BARN_04_07-01-19,2,1,20190701,2019-07-01,1246,12:46:00,7/1/2019 12:46,1646,16:46:00,2019-07-01 16:46:00,Tidal,7/1/2019 17:31,7/1/2019 10:46,-4.225359068,EMM,22.4,NA,NA,22.4,20200316CRM,29.3,29.4,29.3,29.33333333,29.00296667,20190701pH_1246,-66,-65,-65,-65.33333333,7.798058252,,,7/17/2019,FieldSamples_Recalc_17Jul19,144.6,7.824,25.139,1840.88,1967.74,1832.738533,1831.84013,1980.686491,1921.523315,-3.0,8.0,598.9947847,1699.099595,114.9220803,18.71684314,2.877718951,1.85392663,
BARN_05_07-01-19_17Jul19,BARN_05_07-01-19,BARN,BARN_05_07-01-19,2,2,20190701,2019-07-01,1246,12:46:00,7/1/2019 12:46,1646,16:46:00,2019-07-01 16:46:00,Tidal,7/1/2019 17:31,7/1/2019 10:46,-4.225359068,EMM,22.4,NA,NA,22.4,20200316CRM,29.3,29.3,29.3,29.3,28.97003,20190701pH_1246,-66,-65,-65,-65.33333333,7.798058252,,,7/17/2019,FieldSamples_Recalc_17Jul19,142.55,7.858,25.146999,1833.25,1979.65,1825.142277,1832.723531,1992.454996,1913.599854,-4.0,8.0,530.5126429,1681.559485,127.0029411,16.57987634,3.18098128,2.04906114,
BARN_06_07-01-19_17Jul19,BARN_06_07-01-19,BARN,BARN_06_07-01-19,3,1,20190701,2019-07-01,1344,13:44:00,7/1/2019 13:44,1744,17:44:00,2019-07-01 17:44:00,Tidal,7/1/2019 17:31,7/1/2019 10:46,-3.366064447,EMM,23.1,NA,NA,23.1,20200316CRM,29.2,29.3,29.2,29.23333333,28.90415667,20190701pH_1344,-66,-66,-66,-66,7.798058252,,,7/17/2019,FieldSamples_Recalc_17Jul19,143.2,7.849,24.797001,1839.31,1972.51,1831.175477,1827.069764,1986.887317,1918.112427,-3.5,8.0,585.6481133,1693.073259,120.1299193,17.97234806,3.015210601,1.945541922,
BARN_07_07-01-19_17Jul19,BARN_07_07-01-19,BARN,BARN_07_07-01-19,3,2,20190701,2019-07-01,1344,13:44:00,7/1/2019 13:44,1744,17:44:00,2019-07-01 17:44:00,Tidal,7/1/2019 17:31,7/1/2019 10:46,-3.366064447,EMM,23.1,NA,NA,23.1,20200316CRM,29.5,29.5,29.5,29.5,29.16765,20190701pH_1344,-66,-66,-66,-66,7.798058252,,,7/17/2019,FieldSamples_Recalc_17Jul19,144.3,7.83,24.884001,1832.36,1966.62,1824.256214,1831.997179,1979.470446,1912.487183,-3.4,8.0,587.9411496,1686.797142,119.4415066,18.01761701,2.992182743,1.932473995,
BARN_08_07-01-19_17Jul19,BARN_08_07-01-19,BARN,BARN_08_07-01-19,4,1,20190701,2019-07-01,1440,14:40:00,7/1/2019 14:40,1840,18:40:00,2019-07-01 18:40:00,Tidal,7/1/2019 17:31,7/1/2019 10:46,-2.536400675,EMM,24,NA,NA,24,20200316CRM,27.3,27.2,27.1,27.2,26.89502,20190701pH_1440,-64,-63,-63,-63.33333333,7.742746615,,,7/17/2019,FieldSamples_Recalc_17Jul19,147.8,7.758,25.059,1778.69,1870.05,1770.823574,1768.235252,1885.101314,1832.347534,-2.8,7.9,711.6306714,1655.15074,94.11658576,21.55628621,2.403004423,1.54233455,
BARN_09_07-01-19_17Jul19,BARN_09_07-01-19,BARN,BARN_09_07-01-19,4,2,20190701,2019-07-01,1440,14:40:00,7/1/2019 14:40,1840,18:40:00,2019-07-01 18:40:00,Tidal,7/1/2019 17:31,7/1/2019 10:46,-2.536400675,EMM,24,NA,NA,24,20200316CRM,25.2,25.2,25.2,25.2,24.91882,20190701pH_1440,-64,-63,-63,-63.33333333,7.742746615,,,7/17/2019,FieldSamples_Recalc_17Jul19,148.5,7.737,25.139,1696.76,1770.34,1689.255917,1689.082514,1787.164445,1742.115356,-2.5,7.9,709.1870828,1584.699509,82.85022333,21.70608749,2.146519802,1.365563114,
BARN_10_07-01-19_17Jul19,BARN_10_07-01-19,BARN,BARN_10_07-01-19,5,1,20190701,2019-07-01,1543,15:43:00,7/1/2019 15:43,1943,19:43:00,2019-07-01 19:43:00,Tidal,7/1/2019 17:31,7/1/2019 10:46,-1.603028931,EMM,24.3,NA,NA,24.3,20200316CRM,25,24.9,25,24.96666667,24.68826333,20190701pH_1543,-67,-67,-67,-67,7.808139535,,,7/17/2019,FieldSamples_Recalc_17Jul19,150.1,7.707,25.334999,1679.25,1753.06,1671.823357,1674.182482,1769.808162,1741.75293,-1.6,7.9,701.7399714,1567.879348,82.60727852,21.33669682,2.146040258,1.364871012,
BARN_11_07-01-19_17Jul19,BARN_11_07-01-19,BARN,BARN_11_07-01-19,5,2,20190701,2019-07-01,1543,15:43:00,7/1/2019 15:43,1943,19:43:00,2019-07-01 19:43:00,Tidal,7/1/2019 17:31,7/1/2019 10:46,-1.603028931,EMM,24.3,NA,NA,24.3,20200316CRM,26.3,26.3,26.3,26.3,26.00573,20190701pH_1543,-67,-67,-67,-67,7.808139535,,,7/17/2019,FieldSamples_Recalc_17Jul19,147.95,7.748,25.34,1725.31,1815.92,1717.679652,1719.157413,1831.766171,1794.314575,-2.0,7.9,672.3428984,1604.388727,92.98850129,20.30243964,2.392059491,1.530692942,
BARN_12_07-01-19_17Jul19,BARN_12_07-01-19,BARN,BARN_12_07-01-19,6,1,20190701,2019-07-01,1638,16:38:00,7/1/2019 16:38,2038,20:38:00,2019-07-01 20:38:00,Tidal,7/1/2019 17:31,7/1/2019 10:46,-0.788180584,EMM,25.1,NA,NA,25.1,20200316CRM,27.3,27.3,27.2,27.26666667,26.96089333,20190701pH_1638,-57,-55,-55,-55.66666667,7.612716763,,,7/17/2019,FieldSamples_Recalc_17Jul19,154.05,7.653,24.735001,1788.73,1859.87,1780.819171,1786.138847,1875.362901,1806.347046,-3.7,7.8,863.2071717,1672.230567,83.18056273,25.40813492,2.12967286,1.371530169,
BARN_13_07-01-19_17Jul19,BARN_13_07-01-19,BARN,BARN_13_07-01-19,6,2,20190701,2019-07-01,1638,16:38:00,7/1/2019 16:38,2038,20:38:00,2019-07-01 20:38:00,Tidal,7/1/2019 17:31,7/1/2019 10:46,-0.788180584,EMM,25.1,NA,NA,25.1,20200316CRM,27.3,27.4,27.3,27.33333333,27.02676667,20190701pH_1638,-57,-55,-55,-55.66666667,7.612716763,,,7/17/2019,FieldSamples_Recalc_17Jul19,153.85,7.655,25.08,1781.34,1858.16,1773.461854,1781.604055,1874.096606,1800.198853,-3.9,7.9,822.1070673,1662.791655,86.48018962,24.19008818,2.213046821,1.425616672,
BARN_02_07-21-19_29Jul19,BARN_02_07-21-19,BARN,BARN_02_07-21-19,1,2,20190721,2019-07-21,945,9:45:00,7/21/2019 9:45,1345,13:45:00,2019-07-21 13:45:00,Single,7/21/2019 10:01,7/21/2019 3:16,-0.240246914,JG,27.2,NA,NA,27.2,20200316CRM,27.6,27.5,27.6,27.56666667,27.25732333,20190721pH,-33,-33,-33,-33,7.2578125,,,7/29/2019,FieldSamples_Recalc_29Jul19,173.15,7.327,24.177999,1971.93,1979.07,1993.525364,1978.03873,1998.968364,1915.053589,-4.2,7.5,2157.601563,1886.753731,46.60618722,60.1653895,1.198470035,0.777566369,
BARN_01_07-21-19_29Jul19,BARN_01_07-21-19,BARN,BARN_01_07-21-19,1,1,20190721,2019-07-21,945,9:45:00,7/21/2019 9:45,1345,13:45:00,2019-07-21 13:45:00,Single,7/21/2019 10:01,7/21/2019 3:16,-0.240246914,JG,27.2,NA,NA,27.2,20200316CRM,27.6,27.7,27.6,27.63333333,27.32319667,20190721pH,-33,-33,-33,-33,7.2578125,,,7/29/2019,FieldSamples_Recalc_29Jul19,173.95,7.312,24.216999,1957.37,1980.7,1978.805912,1996.462187,2000.087873,1901.273193,-4.9,7.6,1890.697635,1873.580668,52.52034609,52.7049726,1.349841606,0.876015241,
BARN_02_08-04-19_17Mar20,BARN_02_08-04-19,BARN,BARN_02_08-04-19,1,2,20190804,2019-08-04,857,8:57:00,8/4/2019 8:57,1257,12:57:00,2019-08-04 12:57:00,Single,8/4/2019 9:31,8/4/2019 2:31,-0.488809524,JG,25.1,NA,NA,25.1,20200318CRM,28,28,28.1,28.03333333,27.46879667,20200317pH,-40,-39,-39,-39.33333333,7.190019194,,,3/17/2020,FieldSamples_Recalc_17Mar20,168.85,7.215,25.224001,1952.54,1914.44,1960.466951,1969.180514,1922.262549,1864.671265,-3.0,7.4,2827.354526,1846.166948,31.29730912,83.00259176,0.798222876,0.51513945,took pH measurement after the field sample was run on the VINDTA
BARN_01_08-04-19_06Jul20,BARN_01_08-04-19,BARN,BARN_01_08-04-19,1,1,20190804,2019-08-04,857,8:57:00,8/4/2019 8:57,1257,12:57:00,2019-08-04 12:57:00,Single,8/4/2019 9:31,8/4/2019 2:31,-0.488809524,JG,25.1,NA,NA,25.1,20200707CRM,30.1,30.1,30.1,30.1,28.24301719,20190804pH,-25.1,-25.1,-25.1,-25.1,7.160588235,,,7/6/2020,FieldSamples_Recalc_06Jul20,171.45,,24.931,1970.12,1936.06,1988.154744,1976.758675,1960.735399,,,7.4,2651.83855,1875.5969,35.02057707,77.53735915,0.887945033,0.574785133,can compare to the 02 bottle pH meas taken after VINDTA
BARN_01_08-19-19_06Jul20,BARN_01_08-19-19,BARN,BARN_01_08-19-19,1,1,20190819,2019-08-19,921,9:21:00,8/19/2019 9:21,1321,13:21:00,2019-08-19 13:21:00,Tidal,8/19/2019 9:16,8/19/2019 14:46,0.087272727,EMM,25.5,NA,NA,25.5,20200707CRM,30,30,30,30,28.14662464,20190819pH_0921,-33,-34,-34,-33.66666667,7.503690037,,,7/6/2020,FieldSamples_Recalc_06Jul20,168,,24.896999,1982.65,1968.75,2000.799446,1986.742008,1994.674918,,,7.5,2279.681992,1892.671202,42.11224412,66.01595654,1.069757521,0.693025521,
BARN_02_08-19-19_06Jul20,BARN_02_08-19-19,BARN,BARN_02_08-19-19,1,2,20190819,2019-08-19,921,9:21:00,8/19/2019 9:21,1321,13:21:00,2019-08-19 13:21:00,Tidal,8/19/2019 9:16,8/19/2019 14:46,0.087272727,EMM,25.5,NA,NA,25.5,20200707CRM,30,30,30.1,30.03333333,28.17875549,20190819pH_0921,-33,-34,-34,-33.66666667,7.503690037,,,7/6/2020,FieldSamples_Recalc_06Jul20,168.5,,24.691,1988.24,1939.62,2006.440617,1960.289105,1964.578372,,,7.4,3010.746651,1887.533161,31.7355793,87.17191625,0.805965176,0.522196191,
BARN_03_08-19-19_06Jul20,BARN_03_08-19-19,BARN,BARN_03_08-19-19,2,1,20190819,2019-08-19,1015,10:15:00,8/19/2019 10:15,1415,14:15:00,2019-08-19 14:15:00,Tidal,8/19/2019 9:16,8/19/2019 14:46,1.069090909,EMM,26.6,NA,NA,26.6,20200707CRM,30.1,30.2,30.1,30.13333333,28.27514804,20190819pH_1015,-47,-48,-48,-47.66666667,7.593155894,,,7/6/2020,FieldSamples_Recalc_06Jul20,154.4,,24.923,1898.46,1949.31,1915.838759,1899.470871,1974.155465,,,7.7,1361.610795,1809.775206,67.7291782,38.3344185,1.724366549,1.121296991,
BARN_04_08-19-19_06Jul20,BARN_04_08-19-19,BARN,BARN_04_08-19-19,2,2,20190819,2019-08-19,1015,10:15:00,8/19/2019 10:15,1415,14:15:00,2019-08-19 14:15:00,Tidal,8/19/2019 9:16,8/19/2019 14:46,1.069090909,EMM,26.6,NA,NA,26.6,20200707CRM,30.3,30.3,30.2,30.26666667,28.40367144,20190819pH_1015,-47,-48,-48,-47.66666667,7.593155894,,,7/6/2020,FieldSamples_Recalc_06Jul20,153.65,,24.655001,1902.53,1892.18,1919.946016,1843.390324,1916.652453,,,7.5,2240.553286,1815.378774,41.52892782,63.03834918,1.056244456,0.687176152,
BARN_06_08-19-19_17Mar20,BARN_06_08-19-19,BARN,BARN_06_08-19-19,3,2,20190819,2019-08-19,1115,11:15:00,8/19/2019 11:15,1515,15:15:00,2019-08-19 15:15:00,Tidal,8/19/2019 9:16,8/19/2019 14:46,2.16,EMM,27.6,NA,NA,27.6,20200318CRM,28.8,28.9,28.9,28.86666667,28.28871333,20200317pH,-62,-62,-62,-62,7.581573896,,,3/17/2020,FieldSamples_Recalc_17Mar20,145.7,7.61,25.113001,1862.6,1940.3,1870.161811,1880.527446,1946.761266,1892.785767,-2.8,7.7,1192.121434,1761.019261,76.39548479,32.74710826,1.950830255,1.272479999,took pH measurement after the field sample was run on the VINDTA
BARN_05_08-19-19_06Jul20,BARN_05_08-19-19,BARN,BARN_05_08-19-19,3,1,20190819,2019-08-19,1115,11:15:00,8/19/2019 11:15,1515,15:15:00,2019-08-19 15:15:00,Tidal,8/19/2019 9:16,8/19/2019 14:46,2.16,EMM,27.6,NA,NA,27.6,20200707CRM,30,30,30,30,28.14662464,20190819pH_1115,-59,-58,-58,-58.33333333,7.787709497,,,7/6/2020,FieldSamples_Recalc_06Jul20,145.95,,25.016001,1834.83,1905.14,1851.626282,1833.22139,1928.687026,,,7.7,1168.68221,1743.358795,76.14096967,32.12644134,1.946561225,1.268997303,
BARN_08_08-19-19_16Mar20,BARN_08_08-19-19,BARN,BARN_08_08-19-19,4,2,20190819,2019-08-19,1214,12:14:00,8/19/2019 12:14,1614,16:14:00,2019-08-19 16:14:00,Tidal,8/19/2019 9:16,8/19/2019 14:46,3.232727273,EMM,27.8,NA,NA,27.8,20200316CRM,29.7,29.6,29.6,29.63333333,29.29939667,20200316pH,-70,-68,-68,-68.66666667,7.769961977,,,3/16/2020,FieldSamples_Recalc_16Mar20,143.15,7.677,25.191,1890.61,1983.41,1903.718594,1896.955767,1991.278063,1986.713867,-0.2,7.8,1162.770934,1788.840714,83.25418611,31.62366986,2.109935937,1.382263264,took pH measurement after the field sample was run on the VINDTA
BARN_07_08-19-19_06Jul20,BARN_07_08-19-19,BARN,BARN_07_08-19-19,4,1,20190819,2019-08-19,1214,12:14:00,8/19/2019 12:14,1614,16:14:00,2019-08-19 16:14:00,Tidal,8/19/2019 9:16,8/19/2019 14:46,3.232727273,EMM,27.8,NA,NA,27.8,20200707CRM,31.1,31.2,31.2,31.16666667,29.27120439,20190819pH_1214,-59,-58,-58,-58.33333333,7.793296089,,,7/6/2020,FieldSamples_Recalc_06Jul20,143.2,,25.07,1870.9,1962.83,1888.026471,1862.790423,1985.846193,,,7.8,1069.920698,1770.357308,88.56657295,29.10260233,2.245084586,1.470655033,
BARN_10_08-19-19_16Mar20,BARN_10_08-19-19,BARN,BARN_10_08-19-19,5,2,20190819,2019-08-19,1315,13:15:00,8/19/2019 13:15,1715,17:15:00,2019-08-19 17:15:00,Tidal,8/19/2019 9:16,8/19/2019 14:46,4.341818182,EMM,26.5,NA,NA,26.5,20200316CRM,30.2,30.1,30.1,30.13333333,29.79344667,20200316pH,-66,-66,-67,-66.33333333,7.730038023,,,3/16/2020,FieldSamples_Recalc_16Mar20,139,7.751,25.162001,1900.41,2022.78,1913.586543,1906.149095,2030.286327,1985.825562,-2.2,7.8,929.3107171,1787.965632,99.5960772,26.02480567,2.504729779,1.637152606,took pH measurement after the field sample was run on the VINDTA
BARN_09_08-19-19_06Jul20,BARN_09_08-19-19,BARN,BARN_09_08-19-19,5,1,20190819,2019-08-19,1315,13:15:00,8/19/2019 13:15,1715,17:15:00,2019-08-19 17:15:00,Tidal,8/19/2019 9:16,8/19/2019 14:46,4.341818182,EMM,26.5,NA,NA,26.5,20200707CRM,31.6,31.7,31.7,31.66666667,29.75316714,20190819pH_1315,-62,-62,-62,-62,7.82739212,,,7/6/2020,FieldSamples_Recalc_06Jul20,137.35,,25.049,1889.98,2027.8,1907.281132,1895.846784,2050.640741,,-1.1,7.9,783.5451664,1769.707156,115.6266906,21.94726505,2.908810601,1.901012451,
BARN_12_08-19-19_16Mar20,BARN_12_08-19-19,BARN,BARN_12_08-19-19,6,2,20190819,2019-08-19,1415,14:15:00,8/19/2019 14:15,1815,18:15:00,2019-08-19 18:15:00,Tidal,8/19/2019 9:16,8/19/2019 14:46,5.432727273,EMM,26.1,NA,NA,26.1,20200316CRM,30.4,30.4,30.6,30.46666667,30.12281333,20200316pH,-67,-69,-69,-68.33333333,7.764258555,,,3/16/2020,FieldSamples_Recalc_16Mar20,139.7,7.741,25.098,1902.75,2014.61,1915.942767,1903.50268,2021.307502,2000.475708,-1.0,7.8,995.6272592,1795.062722,92.7675306,28.1125085,2.324447643,1.519132216,took pH measurement after the field sample was run on the VINDTA
BARN_11_08-19-19_06Jul20,BARN_11_08-19-19,BARN,BARN_11_08-19-19,6,1,20190819,2019-08-19,1415,14:15:00,8/19/2019 14:15,1815,18:15:00,2019-08-19 18:15:00,Tidal,8/19/2019 9:16,8/19/2019 14:46,5.432727273,EMM,26.1,NA,NA,26.1,20200707CRM,32.1,32.1,32.2,32.13333333,30.20299904,20190819pH_1415,-56,-57,-57,-56.66666667,7.740112994,,,7/6/2020,FieldSamples_Recalc_06Jul20,135.05,,24.761,1899.73,1974.23,1917.120385,1816.781126,1996.141316,,-0.1,7.7,1197.470577,1805.189051,78.13358204,33.79778507,1.956532302,1.279013774,
BARN_01_09-05-19_17Mar20,BARN_01_09-05-19,BARN,BARN_01_09-05-19,1,1,20190905,2019-09-05,1110,11:10:00,9/5/2019 11:10,1510,15:10:00,2019-09-05 15:10:00,Single,9/5/2019 11:31,9/5/2019 4:31,-0.303571428,EMM,21.8,NA,NA,21.8,20200318CRM,28,28,28.2,28.06666667,27.50159333,20200317pH,-50,-51,-51,-50.66666667,7.385796545,,,3/17/2020,FieldSamples_Recalc_17Mar20,152.5,7.498,24.722,1879.43,1922.19,1887.060138,1886.563863,1930.508947,1852.724731,-4.0,7.7,1246.954219,1789.426202,57.7189072,39.91512685,1.458680509,0.932972216,took pH measurement after the field sample was run on the VINDTA; pH measurements day of collection were -46; -47;-47 and pHcorrection is 20190905pH
BARN_02_09-05-19_17Mar20,BARN_02_09-05-19,BARN,BARN_02_09-05-19,1,2,20190905,2019-09-05,1110,11:10:00,9/5/2019 11:10,1510,15:10:00,2019-09-05 15:10:00,Single,9/5/2019 11:31,9/5/2019 4:31,-0.303571428,EMM,21.8,NA,NA,21.8,20200318CRM,28.5,28.6,28.5,28.53333333,27.96074667,20200317pH,-54,-56,-56,-55.33333333,7.466410749,,,3/17/2020,FieldSamples_Recalc_17Mar20,147.35,7.583,25.152,1877.18,1949.45,1884.801003,1895.762214,1956.079797,1875.088867,-4.1,7.8,1005.833405,1781.084646,71.59841264,32.11802155,1.803634067,1.155669909,took pH measurement after the field sample was run on the VINDTA; pH measurements day of collection were -46; -47;-47 and pHcorrection is 20190905pH
BARN_02_10-22-19_28Jan20,BARN_02_10-22-19,BARN,BARN_02_10-22-19,1,2,20191022,2019-10-22,700,7:00:00,10/22/2019 7:00,1100,11:00:00,2019-10-22 11:00:00,Tidal,10/22/2019 12:45,10/22/2019 6:00,-5.125468088,EMM,13.8,NA,NA,13.8,20200316CRM,29.3,29.3,29.3,29.3,28.97003,20191022pH_0700,-64,-64,-64,-64,7.884030418,,,1/28/2020,FieldSamples_Recalc_28Jan20,139.5,7.715,25.087999,1914.77,2034.34,1924.779092,1939.265568,2048.566593,2046.410278,-0.1,8.0,524.7203192,1805.070938,98.68996354,21.01813224,2.436035341,1.537496174,
BARN_01_10-22-19_16Mar20,BARN_01_10-22-19,BARN,BARN_01_10-22-19,1,1,20191022,2019-10-22,700,7:00:00,10/22/2019 7:00,1100,11:00:00,2019-10-22 11:00:00,Tidal,10/22/2019 12:45,10/22/2019 6:00,-5.125468088,EMM,13.8,NA,NA,13.8,20200316CRM,29.4,29.3,29.4,29.36666667,29.03590333,20200316pH,-64,-65,-65,-64.66666667,7.701520913,,,3/16/2020,FieldSamples_Recalc_16Mar20,140.15,7.727,24.915001,1908.31,2026,1921.541318,1921.128985,2034.591587,1981.146118,-2.6,8.0,563.6762545,1806.796307,92.17481601,22.57016779,2.274347792,1.435771129,took pH measurement after the field sample was run on the VINDTA
BARN_03_10-22-19_28Jan20,BARN_03_10-22-19,BARN,BARN_03_10-22-19,2,1,20191022,2019-10-22,800,8:00:00,10/22/2019 8:00,1200,12:00:00,2019-10-22 12:00:00,Tidal,10/22/2019 12:45,10/22/2019 6:00,-4.236615777,EMM,13.6,NA,NA,13.6,20200316CRM,29.5,29.5,29.5,29.5,29.16765,20191022pH_0800,-64,-64,-64,-64,7.833648393,,,1/28/2020,FieldSamples_Recalc_28Jan20,139.05,7.727,24.618999,1909.93,2022.27,1919.913792,1930.334831,2035.846265,2021.932007,-0.7,8.0,549.0246311,1804.127225,93.68221882,22.10436076,2.309273455,1.457880848,
BARN_04_10-22-19_28Jan20,BARN_04_10-22-19,BARN,BARN_04_10-22-19,2,2,20191022,2019-10-22,800,8:00:00,10/22/2019 8:00,1200,12:00:00,2019-10-22 12:00:00,Tidal,10/22/2019 12:45,10/22/2019 6:00,-4.236615777,EMM,13.6,NA,NA,13.6,20200316CRM,29.4,29.3,29.2,29.3,28.97003,20191022pH_0800,-64,-64,-64,-64,7.833648393,,,1/28/2020,FieldSamples_Recalc_28Jan20,138.75,7.728,24.974001,1900.22,2020.88,1910.153035,1926.438142,2034.950609,2012.480225,-1.1,8.0,510.7085589,1790.762047,98.80638456,20.58464614,2.43836755,1.538345956,
BARN_05_10-22-19_28Jan20,BARN_05_10-22-19,BARN,BARN_05_10-22-19,3,1,20191022,2019-10-22,900,9:00:00,10/22/2019 9:00,1300,13:00:00,2019-10-22 13:00:00,Tidal,10/22/2019 12:45,10/22/2019 6:00,-3.347763466,EMM,13.5,NA,NA,13.5,20200316CRM,29.2,29.1,29.1,29.13333333,28.80534667,20191022pH_0900,-64,-64,-64,-64,7.827977316,,,1/28/2020,FieldSamples_Recalc_28Jan20,143.75,7.644,24.804001,1899.83,1989.55,1909.760996,1921.987608,2003.351059,2008.593628,0.3,8.0,629.8467953,1803.683764,80.58754701,25.48967995,1.990425685,1.25477654,
BARN_06_10-22-19_16Mar20,BARN_06_10-22-19,BARN,BARN_06_10-22-19,3,2,20191022,2019-10-22,900,9:00:00,10/22/2019 9:00,1300,13:00:00,2019-10-22 13:00:00,Tidal,10/22/2019 12:45,10/22/2019 6:00,-3.347763466,EMM,13.5,NA,NA,13.5,20200316CRM,29,29.1,29,29.03333333,28.70653667,20200316pH,-65,-65,-65,-65,7.707224335,,,3/16/2020,FieldSamples_Recalc_16Mar20,141.75,7.697,25.054001,1888.89,1997.37,1901.986668,1915.026433,2005.10708,1962.26709,-2.1,8.0,582.7278105,1792.541866,85.84884617,23.59594716,2.121577081,1.336993232,took pH measurement after the field sample was run on the VINDTA
BARN_07_10-22-19_28Jan20,BARN_07_10-22-19,BARN,BARN_07_10-22-19,4,1,20191022,2019-10-22,1000,10:00:00,10/22/2019 10:00,1400,14:00:00,2019-10-22 14:00:00,Tidal,10/22/2019 12:45,10/22/2019 6:00,-2.458911156,EMM,13.7,NA,NA,13.7,20200316CRM,27.5,27.5,27.5,27.5,27.19145,20191022pH_1000,-63,-62,-62,-62.33333333,7.866037736,,,1/28/2020,FieldSamples_Recalc_28Jan20,141.95,7.666,24.851,1829.59,1913.19,1839.15383,1847.881281,1928.719767,1941.135498,0.6,8.0,596.2603648,1737.878841,77.0754033,24.19957334,1.921770545,1.204713982,
BARN_08_10-22-19_16Mar20,BARN_08_10-22-19,BARN,BARN_08_10-22-19,4,2,20191022,2019-10-22,1000,10:00:00,10/22/2019 10:00,1400,14:00:00,2019-10-22 14:00:00,Tidal,10/22/2019 12:45,10/22/2019 6:00,-2.458911156,EMM,13.7,NA,NA,13.7,20200316CRM,27.3,27.4,27.3,27.33333333,27.02676667,20200316pH,-60,-60,-60,-60,7.621673004,,,3/16/2020,FieldSamples_Recalc_16Mar20,144.75,7.639,24.982,1827.04,1905.94,1839.70783,1845.222315,1916.372561,1868.730347,-2.5,7.9,658.0612418,1742.981439,69.99379366,26.73260569,1.746832621,1.094328939,took pH measurement after the field sample was run on the VINDTA
BARN_10_10-22-19_28Jan20,BARN_10_10-22-19,BARN,BARN_10_10-22-19,5,2,20191022,2019-10-22,1100,11:00:00,10/22/2019 11:00,1500,15:00:00,2019-10-22 15:00:00,Tidal,10/22/2019 12:45,10/22/2019 6:00,-1.570058845,EMM,14.3,NA,NA,14.3,20200316CRM,28.6,28.7,28.7,28.66666667,28.34423333,20191022pH_1100,-67,-66,-66,-66.33333333,7.867674858,,,1/28/2020,FieldSamples_Recalc_28Jan20,136.75,7.759,25.08,1873.74,1998.3,1883.534616,1902.326141,2011.945332,1994.361816,-0.9,8.1,495.0636759,1763.014294,100.9259082,19.59451255,2.501808275,1.577140571,
BARN_09_10-22-19_16Mar20,BARN_09_10-22-19,BARN,BARN_09_10-22-19,5,1,20191022,2019-10-22,1100,11:00:00,10/22/2019 11:00,1500,15:00:00,2019-10-22 15:00:00,Tidal,10/22/2019 12:45,10/22/2019 6:00,-1.570058845,EMM,14.3,NA,NA,14.3,20200316CRM,28.7,28.7,28.6,28.66666667,28.34423333,20200316pH,-58,-58,-59,-58.33333333,7.593155894,,,3/16/2020,FieldSamples_Recalc_16Mar20,140.5,7.714,25.142,1892.81,1983.48,1905.933848,1888.37467,1992.321762,1932.081665,-3.0,7.9,678.3029941,1802.121212,76.96554071,26.84708489,1.907865185,1.202718697,took pH measurement after the field sample was run on the VINDTA
BARN_11_10-22-19_16Mar20,BARN_11_10-22-19,BARN,BARN_11_10-22-19,6,1,20191022,2019-10-22,1200,12:00:00,10/22/2019 12:00,1600,16:00:00,2019-10-22 16:00:00,Tidal,10/22/2019 12:45,10/22/2019 6:00,-0.681206535,EMM,14.5,NA,NA,14.5,20200316CRM,28.2,28.2,28.3,28.23333333,27.91605667,20200316pH,-67,-66,-67,-66.66666667,7.735741445,,,3/16/2020,FieldSamples_Recalc_16Mar20,141.5,7.698,24.896999,1866.4,1958.87,1879.340733,1878.105002,1968.035681,1944.224365,-1.2,7.9,652.2733833,1775.852232,77.76839038,25.72011335,1.933097488,1.217205493,took pH measurement after the field sample was run on the VINDTA; collection pH values were -65; -64; -64 pH correction is 20191022pH_1200
BARN_12_10-22-19_16Mar20,BARN_12_10-22-19,BARN,BARN_12_10-22-19,6,2,20191022,2019-10-22,1200,12:00:00,10/22/2019 12:00,1600,16:00:00,2019-10-22 16:00:00,Tidal,10/22/2019 12:45,10/22/2019 6:00,-0.681206535,EMM,14.5,NA,NA,14.5,20200316CRM,28.3,28.3,28.3,28.3,27.98193,20200316pH,-65,-65,-65,-65,7.707224335,,,3/16/2020,FieldSamples_Recalc_16Mar20,141.75,7.691,25.173,1873.1,1970.86,1886.087188,1878.875227,1980.459717,1943.773804,-1.9,8.0,629.2020506,1780.158586,81.1273267,24.80120829,2.015815974,1.269603839,took pH measurement after the field sample was run on the VINDTA; collection pH values were -65; -64; -64 pH correction is 20191022pH_1200
BARN_13_10-22-19_28Jan20,BARN_13_10-22-19,BARN,BARN_13_10-22-19,7,1,20191022,2019-10-22,1300,13:00:00,10/22/2019 13:00,1700,17:00:00,2019-10-22 17:00:00,Tidal,10/22/2019 12:45,10/22/2019 6:00,0.207645776,EMM,15.5,NA,NA,15.5,20200316CRM,27.2,27.3,27.2,27.23333333,26.92795667,20191022pH_1300,-71,-71,-71,-71,7.990671642,,,1/28/2020,FieldSamples_Recalc_28Jan20,140.7,7.683,25.034,1768.29,1866.61,1777.533396,1785.32656,1882.437496,1921.343018,2.1,8.0,542.2292,1671.495932,85.18384524,20.85366487,2.133000696,1.340736908,
BARN_14_10-22-19_16Mar20,BARN_14_10-22-19,BARN,BARN_14_10-22-19,7,2,20191022,2019-10-22,1300,13:00:00,10/22/2019 13:00,1700,17:00:00,2019-10-22 17:00:00,Tidal,10/22/2019 12:45,10/22/2019 6:00,0.207645776,EMM,15.5,NA,NA,15.5,20200316CRM,26.6,26.5,26.5,26.53333333,26.23628667,20200316pH,-68,-68,-68,-68,7.758555133,,,3/16/2020,FieldSamples_Recalc_16Mar20,139.3,7.727,24.745001,1715.58,1820.25,1727.475019,1732.502836,1831.351204,1789.0177,-2.3,8.0,514.0672758,1624.091004,83.53698371,19.84698207,2.100372248,1.31643138,took pH measurement after the field sample was run on the VINDTA
BARN_01_11-27-19_06Jul20,BARN_01_11-27-19,BARN,BARN_01_11-27-19,1,1,20191129,2019-11-29,700,7:00:00,11/29/2019 7:00,1200,12:00:00,2019-11-29 12:00:00,Single,11/29/2019 7:30,11/29/2019 13:22,-0.511363636,NP,,NA,NA,NA,20200707CRM,29.6,29.5,29.5,29.53333333,27.69679274,NA,NA,NA,NA,NA,NA,,NA,7/6/2020,FieldSamples_Recalc_06Jul20,150.45,,25.039,1919.73,1964.25,1937.303468,1880.940162,1990.477987,,,,,,,,,,Nicole collected these bottles; I don't know where the temp was recorded. Check in the lab. Use logger temp; pH logger returned to the field; tide times from: https://www.usharbors.com/harbor/massachusetts/barnstable-harbor-ma/pdf/?tide=2019-12
BARN_02_11-27-19_06Jul20,BARN_02_11-27-19,BARN,BARN_02_11-27-19,1,2,20191129,2019-11-29,700,7:00:00,11/29/2019 7:00,1200,12:00:00,2019-11-29 12:00:00,Single,11/29/2019 7:30,11/29/2019 13:22,-0.511363636,NP,,NA,NA,NA,20200707CRM,29.5,29.6,29.6,29.56666667,27.72892359,NA,NA,NA,NA,NA,NA,,NA,7/6/2020,FieldSamples_Recalc_06Jul20,152.7,,24.763,1936.09,1930.49,1953.813229,1884.153975,1955.264219,,,,,,,,,,Nicole collected these bottles; I don't know where the temp was recorded. Check in the lab. Use logger temp; pH logger returned to the field; tide times from: https://www.usharbors.com/harbor/massachusetts/barnstable-harbor-ma/pdf/?tide=2019-12
BARN_01_01-21-20_07Jul20,BARN_01_01-21-20,BARN,BARN_01_01-21-20,1,1,20200121,2020-01-21,1400,14:00,,1900,19:00:00,2020-01-21 19:00:00,TwoHour,,,,EMM,1.3,NA,NA,1.3,20200707CRM,30.2,30.2,30.3,30.23333333,28.37154059,20200121pH_1400,-51.2,-51.8,-51.8,-51.6,7.653065098,,,7/7/2020,FieldSamples_Recalc_07Jul20,143.95,,24.871,1949.64,1991.49,1957.569689,1939.677402,2020.57509,,,8.0,466.3747637,1868.882355,59.79987456,28.8875079,1.47307002,0.910565031,
BARN_02_01-21-20_07Jul20,BARN_02_01-21-20,BARN,BARN_02_01-21-20,1,2,20200121,2020-01-21,1400,14:00,,1900,19:00:00,2020-01-21 19:00:00,TwoHour,,,,EMM,1.3,NA,NA,1.3,20200707CRM,29.9,29.9,29.9,29.9,28.05023209,20200121pH_1400,-51.2,-51.8,-51.8,-51.6,7.653065098,,,7/7/2020,FieldSamples_Recalc_07Jul20,146.1,,24.868999,1937.57,2015.21,1945.450597,1967.197359,2046.23441,,,8.2,337.5496965,1844.57377,79.92857107,20.94821147,1.97155323,1.217231799,
BARN_03_01-21-20_07Jul20,BARN_03_01-21-20,BARN,BARN_03_01-21-20,2,1,20200121,2020-01-21,1456,,,1956,19:56:00,2020-01-21 19:56:00,TwoHour,,,,EMM,1.6,NA,NA,1.6,20200707CRM,27.2,27.1,27.2,27.16666667,25.41550239,20200121pH_1456,-40.8,-39.4,-39.6,-39.93333333,7.428895613,,,7/7/2020,FieldSamples_Recalc_07Jul20,125.45,,24.92,1713.61,1854.26,1720.579694,1712.793498,1884.246008,,,8.4,169.2402914,1595.529636,114.5020861,10.54796823,2.854905879,1.743779742,
BARN_04_01-21-20_07Jul20,BARN_04_01-21-20,BARN,BARN_04_01-21-20,2,2,20200121,2020-01-21,1456,,,1956,19:56:00,2020-01-21 19:56:00,TwoHour,,,,EMM,1.6,NA,NA,1.6,20200707CRM,27.3,27.4,27.3,27.33333333,25.57615664,20200121pH_1456,-40.8,-39.4,-39.6,-39.93333333,7.428895613,,,7/7/2020,FieldSamples_Recalc_07Jul20,148.7,,24.917999,1841.19,1901.81,1848.678594,1874.966442,1934.225901,,,8.2,336.3392724,1757.569768,70.16642444,20.94237772,1.748337406,1.068667736,
BARN_01_03-14-20_07Jul20,BARN_01_03-14-20,BARN,BARN_01_03-14-20,1,1,20200314,2020-03-14,955,,,1355,13:55:00,2020-03-14 13:55:00,TwoHour,,,,EMM,7.5,NA,NA,7.5,20200707CRM,28.1,28.1,28.1,28.1,26.31516619,20200314pH_0955,-49.6,-49.9,-50,-49.83333333,7.612129227,,,7/7/2020,FieldSamples_Recalc_07Jul20,148.7,,24.874001,1858.83,1906.11,1866.390341,1857.582293,1938.759386,,,8.0,517.9680247,1774.711724,65.77059217,25.9080306,1.636988128,1.011383411,Accumet was drifting quite a bit
BARN_02_03-14-20_07Jul20,BARN_02_03-14-20,BARN,BARN_02_03-14-20,1,2,20200314,2020-03-14,955,,,1355,13:55:00,2020-03-14 13:55:00,TwoHour,,,,EMM,7.5,NA,NA,7.5,20200707CRM,28.7,28.7,28.6,28.66666667,26.86139064,20200314pH_0955,-49.6,-49.9,-50,-49.83333333,7.612129227,,,7/7/2020,FieldSamples_Recalc_07Jul20,147.6,,24.837999,1901.11,1963.43,1908.842305,1911.405911,1995.56486,,,8.1,481.6081618,1810.327765,74.50165161,24.01282458,1.849450554,1.145248147,Accumet was drifting quite a bit
BARN_03_03-14-20_07Jul20,BARN_03_03-14-20,BARN,BARN_03_03-14-20,2,1,20200314,2020-03-14,1100,,,1500,15:00:00,2020-03-14 15:00:00,TwoHour,,,,EMM,8.8,NA,NA,8.8,20200707CRM,29,29,29.1,29.03333333,27.21482999,NA,NA,NA,NA,NA,NA,,NA,7/7/2020,FieldSamples_Recalc_07Jul20,146.45,,24.905001,1956.68,2033.35,1964.638322,1982.109359,2065.889652,,,8.1,481.8671125,1857.042863,84.66309723,22.93228242,2.09989756,1.304830982,Accumet working weird
BARN_04_03-14-20_07Jul20,BARN_04_03-14-20,BARN,BARN_04_03-14-20,2,2,20200314,2020-03-14,1100,,,1500,15:00:00,2020-03-14 15:00:00,TwoHour,,,,EMM,8.8,NA,NA,8.8,20200707CRM,29.1,29.1,29.1,29.1,27.27909169,NA,NA,NA,NA,NA,NA,,NA,7/7/2020,FieldSamples_Recalc_07Jul20,151.15,,24.912001,1958.26,2010.23,1966.224748,1975.899322,2042.644134,,,8.0,584.3845281,1867.709107,70.71485381,27.8007897,1.753376772,1.089787418,Accumet working weird
BARN_01_04-15-20_07Jul20,BARN_01_04-15-20,BARN,BARN_01_04-15-20,1,1,20200415,,,,,,,,Single,,,,EMM,,,,,20200721CRM,24.4,24.4,24.4,24.4,23.92985419,,,,,,,,,7/7/2020,FieldSamples_Recalc_07Jul20,151.85,,24.985001,1753.65,1783.45,1760.782547,1762.552904,1816.436438,,,,,,,,,,
BARN_02_04-15-20_07Jul20,BARN_02_04-15-20,BARN,BARN_02_04-15-20,1,2,20200415,,,,,,,,Single,,,,EMM,,,,,20200721CRM,23.2,23.2,23.2,23.2,22.73667586,,,,,,,,,7/7/2020,FieldSamples_Recalc_07Jul20,141.45,,24.966999,1670.12,1720.63,1676.912809,1690.811154,1752.450411,,,,,,,,,,
BARN_01_06-12-20_07Jul20,BARN_01_06-12-20,BARN,BARN_01_06-12-20,1,1,20200612,,,,,,,,Single,,,,EMM,,,,,20200721CRM,23.5,23.5,23.5,23.5,23.03497044,,,,,,,,,7/7/2020,FieldSamples_Recalc_07Jul20,144.6,,25.003,1674.67,1737.36,1681.481315,1700.768968,1769.600573,,,,,,,,,,
BARN_02_06-12-20_07Jul20,BARN_02_06-12-20,BARN,BARN_02_06-12-20,1,2,20200612,,,,,,,,Single,,,,EMM,,,,,20200721CRM,24.9,24.9,24.9,24.9,24.42701182,,,,,,,,,7/7/2020,FieldSamples_Recalc_07Jul20,145.65,,24.966999,1762.25,1825.83,1769.417525,1779.610729,1858.819955,,,,,,,,,,
NA,BARN_06-12-20_SalOnly,BARN,BARN_06-12-20_SalOnly,1,1,20200612,2020-06-12,,,,,,,Single,,,,EMM,,,,,20200702CRM,29.1,29,29.1,29.06666667,28.55998026,NA,NA,NA,NA,NA,NA,,NA,NA,NA,NA,NA,NA,NA,NA,NA,NA,NA,NA,NA,NA,NA,NA,NA,Took a second sample for Salinity when we relaunched the logger; but did not take a bottle for that second point. That salinity was measured on 7/2/20,,,
BARN_01_07-09-20_20Jul20,BARN_01_07-09-20,BARN,BARN_01_07-09-20,1,1,20200709,2020-07-09,900,,,1300,13:00:00,2020-07-09 13:00:00,Tidal,,,,AM,25,NA,NA,25,20200804CRM,29.5,29.6,29.6,29.56666667,29.41898695,,,,,,,,,7/20/2020,FieldSamples_Recalc_20Jul20,153.75,,25.229,1975.06,2039.95,1997.259168,2074.914422,2039.091111,,,7.634567681,1570.504573,1890.191144,61.31152019,45.75654891,1.540267901,1.001011209,
BARN_02_07-09-20_20Jul20,BARN_02_07-09-20,BARN,BARN_02_07-09-20,1,2,20200709,2020-07-09,900,,,1300,13:00:00,2020-07-09 13:00:00,Tidal,,,,AM,25,NA,NA,25,20200804CRM,29.4,29.4,29.4,29.4,29.25010643,,,,,,,,,7/20/2020,FieldSamples_Recalc_20Jul20,148.6,,25.252001,1944.7,2018.48,1966.557929,1971.865682,2019.722008,,,7.674789499,1410.028415,1859.580044,65.86069823,41.11718892,1.656686952,1.076041745,
BARN_03_07-09-20_20Jul20,BARN_03_07-09-20,BARN,BARN_03_07-09-20,2,1,20200709,2020-07-09,930,,,1330,13:30:00,2020-07-09 13:30:00,Tidal,,,,AM,25.8,NA,NA,25.8,20200804CRM,28.8,28.9,28.8,28.83333333,28.67591265,,,,,,,,,7/20/2020,FieldSamples_Recalc_20Jul20,153.1,,25.263,1956.47,2010.33,1978.460221,1979.929766,2012.845225,,,7.609643451,1668.316444,1872.91976,57.72354165,47.81693193,1.461603668,0.949600606,
BARN_04_07-09-20_20Jul20,BARN_04_07-09-20,BARN,BARN_04_07-09-20,2,2,20200709,2020-07-09,930,,,1330,13:30:00,2020-07-09 13:30:00,Tidal,,,,AM,25.8,NA,NA,25.8,20200804CRM,29,29,29,29,28.84479317,,,,,,,,,7/20/2020,FieldSamples_Recalc_20Jul20,155.4,,25.205999,1993.22,2013.81,2015.623281,1999.823802,2015.59794,,,7.490452248,2232.242571,1906.821427,44.87756816,63.92426853,1.134847415,0.73776361,
BARN_05_07-09-20_20Jul20,BARN_05_07-09-20,BARN,BARN_05_07-09-20,3,1,20200709,2020-07-09,1000,,,1400,14:00:00,2020-07-09 14:00:00,Tidal,,,,AM,26.1,NA,NA,26.1,20200804CRM,28.9,28.9,28.8,28.86666667,28.70968876,,,,,,,,,7/20/2020,FieldSamples_Recalc_20Jul20,154,,25.257999,1971.21,2030.43,1993.365895,2003.372787,2033.095198,,,7.623444133,1631.486432,1886.280138,60.68242122,46.40325978,1.537435397,0.999880706,
BARN_06_07-09-20_20Jul20,BARN_06_07-09-20,BARN,BARN_06_07-09-20,3,2,20200709,2020-07-09,1000,,,1400,14:00:00,2020-07-09 14:00:00,Tidal,,,,AM,26.1,NA,NA,26.1,20200804CRM,28.3,28.2,28.4,28.3,28.13549498,,,,,,,,,7/20/2020,FieldSamples_Recalc_20Jul20,155.6,,25.214001,1962.35,2000.71,1984.406311,2002.209509,2003.165679,,,7.559004836,1893.118288,1879.133615,51.26843083,54.00421646,1.304751135,0.846717771,
BARN_07_07-09-20_20Jul20,BARN_07_07-09-20,BARN,BARN_07_07-09-20,4,1,20200709,2020-07-09,1200,,,1600,16:00:00,2020-07-09 16:00:00,Tidal,,,,AM,28.7,NA,NA,28.7,20200804CRM,29.6,29.6,29.7,29.63333333,29.48653916,,,,,,,,,7/20/2020,FieldSamples_Recalc_20Jul20,147.95,,25.216,1936.55,2009.63,1958.316325,1950.877376,2011.023429,,,7.628107817,1607.540613,1848.572818,66.99634118,42.74703321,1.699971002,1.117579047,
BARN_08_07-09-20_20Jul20,BARN_08_07-09-20,BARN,BARN_08_07-09-20,4,2,20200709,2020-07-09,1200,,,1600,16:00:00,2020-07-09 16:00:00,Tidal,,,,AM,28.7,NA,NA,28.7,20200804CRM,29.8,29.7,29.7,29.73333333,29.58786747,,,,,,,,,7/20/2020,FieldSamples_Recalc_20Jul20,145.35,,25.183001,1936.77,2019.02,1958.538798,1944.745517,2020.31259,,,7.655505541,1506.978749,1846.990192,71.49608053,40.05250571,1.812618851,1.192056209,
BARN_09_07-09-20_21Jul20,BARN_09_07-09-20,BARN,BARN_09_07-09-20,5,1,20200709,2020-07-09,1300,,,1700,17:00:00,2020-07-09 17:00:00,Tidal,,,,AM,29.3,NA,NA,29.3,20200804CRM,30.6,30.7,30.5,30.6,30.46604618,,,,,,,,,7/21/2020,FieldSamples_Recalc_21Jul20,142.05,,25.103,1924.72,2019.18,1936.321665,1926.870664,2018.770846,,,7.70181304,1333.575316,1819.690976,81.83858795,34.7920486,2.063349024,1.363562761,
BARN_10_07-09-20_21Jul20,BARN_10_07-09-20,BARN,BARN_10_07-09-20,5,2,20200709,2020-07-09,1300,,,1700,17:00:00,2020-07-09 17:00:00,Tidal,,,,AM,29.3,NA,NA,29.3,20200804CRM,30.3,30.4,30.4,30.36666667,30.22961345,,,,,,,,,7/21/2020,FieldSamples_Recalc_21Jul20,142.50,,25.054,1923.52,2022.07,1935.114431,1935.115817,2021.870832,,,7.71735983,1286.833284,1817.32316,84.17890082,33.61232426,2.126612766,1.404291665,
BARN_11_07-09-20_21Jul20,BARN_11_07-09-20,BARN,BARN_11_07-09-20,6,1,20200709,2020-07-09,1400,,,1800,18:00:00,2020-07-09 18:00:00,Tidal,,,,AM,27.9,NA,NA,27.9,20200804CRM,30.7,30.8,30.7,30.73333333,30.6011506,,,,,,,,,7/21/2020,FieldSamples_Recalc_21Jul20,133.65,,25.106,1896.64,2045.69,1908.072406,1912.954501,2044.710728,,,7.866698922,878.1154477,1772.708881,111.6958685,23.66763732,2.801546219,1.843916376,
BARN_12_07-09-20_21Jul20,BARN_12_07-09-20,BARN,BARN_12_07-09-20,6,2,20200709,2020-07-09,1400,,,1800,18:00:00,2020-07-09 18:00:00,Tidal,,,,AM,27.9,NA,NA,27.9,20200804CRM,30.9,30.8,30.8,30.83333333,30.70247892,,,,,,,,,7/21/2020,FieldSamples_Recalc_21Jul20,133.50,,24.99,1902.47,2056.73,1913.937548,1924.691024,2054.720683,,,7.874905555,862.9155897,1776.325619,114.3658745,23.24601351,2.866120527,1.887013382,
BARN_13_07-09-20_21Jul20,BARN_13_07-09-20,BARN,BARN_13_07-09-20,7,1,20200709,2020-07-09,1500,,,1900,19:00:00,2020-07-09 19:00:00,Tidal,,,,AM,27.3,NA,NA,27.3,20200804CRM,31,31.1,31.2,31.1,30.97268775,,,,,,,,,7/21/2020,FieldSamples_Recalc_21Jul20,131.05,,24.96,1909.53,2079.31,1921.040104,1925.835088,2077.540579,,,7.915542333,780.4505423,1775.783546,123.9540739,21.30250204,3.094515205,2.035234638,
BARN_14_07-09-20_21Jul20,BARN_14_07-09-20,BARN,BARN_14_07-09-20,7,2,20200709,2020-07-09,1500,,,1900,19:00:00,2020-07-09 19:00:00,Tidal,,,,AM,27.3,NA,NA,27.3,20200804CRM,31.1,31.1,31,31.06666667,30.93891165,,,,,,,,,7/21/2020,FieldSamples_Recalc_21Jul20,131.50,,24.92,1908.63,2076.34,1920.134679,1923.300394,2074.750592,,,7.911717349,787.5484648,1775.870768,122.7639339,21.49994265,3.065647909,2.016044292,
BARN_01_08-06-20_25Aug20,BARN_01_08-06-20,BARN,BARN_01_08-06-20,1,1,20200806,2020-08-06,830,,,1230,12:30:00,2020-08-06 12:30:00,Tidal,,,,AM,24.9,NA,NA,24.9,20200831CRM,28.6,28.6,28.7,28.63333333,28.74283903,,,,,,,,,8/25/2020,FieldSamples_Recalc_25Aug20,157.3,,24.163,1992.07,2000.22,1993.233158,2044.733211,1999.187866,,,7.52101372,2044.413399,1887.220897,46.08585457,59.92635339,1.163436941,0.754084187,
BARN_02_08-06-20_30Aug20,BARN_02_08-06-20,BARN,BARN_02_08-06-20,1,2,20200806,2020-08-06,830,,,1230,12:30:00,2020-08-06 12:30:00,Tidal,,,,AM,24.9,NA,NA,24.9,20200831CRM,28.2,28.1,28.2,28.16666667,28.27109256,,,,,,,,,8/30/2020,FieldSamples_Recalc_30Aug20,153.70,,25.007999,1949.53,1960.59,1953.034444,1991.122788,1960.27459,,,7.529640976,1971.055998,1849.659038,45.45724513,57.91814602,1.151677917,0.74515446,
BARN_03_08-06-20_30Aug20,BARN_03_08-06-20,BARN,BARN_03_08-06-20,2,1,20200806,2020-08-06,930,,,1330,13:30:00,2020-08-06 13:30:00,Tidal,,,,AM,23.8,NA,NA,23.8,20200831CRM,29.8,29.8,29.8,29.8,29.92220523,,,,,,,,,8/30/2020,FieldSamples_Recalc_30Aug20,154.95,,25.094999,2042.2,2051.56,2045.871026,2077.878459,2048.880216,,,7.511754075,2104.703519,1936.712644,46.08166945,63.0766778,1.149886264,0.745990778,
BARN_04_08-06-20_30Aug20,BARN_04_08-06-20,BARN,BARN_04_08-06-20,2,2,20200806,2020-08-06,930,,,1330,13:30:00,2020-08-06 13:30:00,Tidal,,,,AM,23.8,NA,NA,23.8,20200831CRM,29.8,29.8,29.8,29.8,29.92220523,,,,,,,,,8/30/2020,FieldSamples_Recalc_30Aug20,157.30,,25.139,2051.4,2053.24,2055.087564,2095.650348,2050.608765,,,7.486723093,2238.347581,1944.333708,43.67197571,67.08190864,1.089756634,0.706981572,
BARN_05_08-06-20_30Aug20,BARN_05_08-06-20,BARN,BARN_05_08-06-20,3,1,20200806,2020-08-06,1030,,,1430,14:30:00,2020-08-06 14:30:00,Tidal,,,,AM,24.9,NA,NA,24.9,20200831CRM,28.7,28.7,28.6,28.66666667,28.77653521,,,,,,,,,8/30/2020,FieldSamples_Recalc_30Aug20,138.95,,25.146999,1849.36,1929.89,1852.68438,1902.52381,1927.931737,,,7.759935547,1091.278856,1746.690738,74.0113403,31.98222635,1.867937861,1.21085649,
BARN_06_08-06-20_30Aug20,BARN_06_08-06-20,BARN,BARN_06_08-06-20,3,2,20200806,2020-08-06,1030,,,1430,14:30:00,2020-08-06 14:30:00,Tidal,,,,AM,24.9,NA,NA,24.9,20200831CRM,28.4,28.4,28.4,28.4,28.50696579,,,,,,,,,8/30/2020,FieldSamples_Recalc_30Aug20,136.35,,25.152,1812.51,1910.95,1815.768139,1857.663314,1909.846917,,,7.825484167,918.0119346,1705.433099,83.39303605,26.94205634,2.109025327,1.365782827,
BARN_07_08-06-20_30Aug20,BARN_07_08-06-20,BARN,BARN_07_08-06-20,4,1,20200806,2020-08-06,1130,,,1530,15:30:00,2020-08-06 15:30:00,Tidal,,,,AM,26.8,NA,NA,26.8,20200831CRM,27.1,27.2,27.2,27.16666667,27.26020724,,,,,,,,,8/30/2020,FieldSamples_Recalc_30Aug20,144.25,,25.195999,1786.29,1847.73,1789.501006,1838.228441,1848.258613,,,7.706222684,1228.590274,1690.299272,64.60345959,34.59820518,1.659053989,1.075114013,
BARN_08_08-06-20_30Aug20,BARN_08_08-06-20,BARN,BARN_08_08-06-20,4,2,20200806,2020-08-06,1130,,,1530,15:30:00,2020-08-06 15:30:00,Tidal,,,,AM,26.8,NA,NA,26.8,20200831CRM,23.7,23.6,23.7,23.66666667,23.72210865,,,,,,,,,8/30/2020,FieldSamples_Recalc_30Aug20,150.45,,25.125999,1637.07,1652.85,1640.012771,1668.814451,1657.518716,,,7.598628216,1493.796339,1555.592392,41.58468137,42.83576397,1.098432172,0.700157388,
BARN_09_08-06-20_30Aug20,BARN_09_08-06-20,BARN,BARN_09_08-06-20,5,1,20200806,2020-08-06,1230,,,1630,16:30:00,2020-08-06 16:30:00,Tidal,,,,AM,25.4,NA,NA,25.4,20200831CRM,29.5,29.6,29.5,29.53333333,29.65263581,,,,,,,,,8/30/2020,FieldSamples_Recalc_30Aug20,136.15,,25.155001,1902.82,2005.35,1906.240479,1937.576707,2003.088652,,,7.803789497,1009.158308,1789.721591,87.44907764,29.06980675,2.195228872,1.429473975,
BARN_10_08-06-20_30Aug20,BARN_10_08-06-20,BARN,BARN_10_08-06-20,5,2,20200806,2020-08-06,1230,,,1630,16:30:00,2020-08-06 16:30:00,Tidal,,,,AM,25.4,NA,NA,25.4,20200831CRM,30.3,30.4,30.5,30.4,30.52873642,,,,,,,,,8/30/2020,FieldSamples_Recalc_30Aug20,136.95,,24.923,1936.7,2039.65,1940.181381,1965.106105,2036.83033,,,7.788939718,1056.999871,1821.7709,88.10049873,30.30996345,2.196609572,1.434432337,
BARN_11_08-06-20_30Aug20,BARN_11_08-06-20,BARN,BARN_11_08-06-20,6,1,20200806,2020-08-06,1330,,,1730,17:30:00,2020-08-06 17:30:00,Tidal,,,,AM,23.5,NA,NA,23.5,20200831CRM,30.9,31.1,31.1,31.03333333,31.16896378,,,,,,,,,8/30/2020,FieldSamples_Recalc_30Aug20,131.05,,25.204,1965.82,2104.1,1969.353726,2001.170818,2099.158014,,,7.891221628,824.5500938,1837.386438,107.225029,24.74229489,2.649010063,1.723645801,
BARN_12_08-06-20_31Aug20,BARN_12_08-06-20,BARN,BARN_12_08-06-20,6,2,20200806,2020-08-06,1330,,,1730,17:30:00,2020-08-06 17:30:00,Tidal,,,,AM,23.5,NA,NA,23.5,20200831CRM,30.9,31,31,30.96666667,31.10157143,,,,,,,,,8/31/2020,FieldSamples_Recalc_31Aug20,130,,25.066999,1973.07,2110.24,1968.144303,1996.204078,2104.718672,,,7.909275718,789.462543,1833.128404,111.3179715,23.69783091,2.751519528,1.790000384,
BARN_13_08-06-20_31Aug20,BARN_13_08-06-20,BARN,BARN_13_08-06-20,7,1,20200806,2020-08-06,1430,,,1830,18:30:00,2020-08-06 18:30:00,Tidal,,,,AM,21.2,NA,NA,21.2,20200831CRM,31.1,31.1,31.1,31.1,31.23635614,,,,,,,,,8/31/2020,FieldSamples_Recalc_31Aug20,128.85,,25.063999,1978.32,2129.7,1973.381197,1999.126763,2124.597314,,,7.972623273,666.3848476,1832.785379,119.3436272,21.25225942,2.934049891,1.897479397,
BARN_14_08-06-20_31Aug20,BARN_14_08-06-20,BARN,BARN_14_08-06-20,7,2,20200806,2020-08-06,1430,,,1830,18:30:00,2020-08-06 18:30:00,Tidal,,,,AM,21.2,NA,NA,21.2,20200831CRM,30.9,30.8,30.8,30.83333333,30.96678672,,,,,,,,,8/31/2020,FieldSamples_Recalc_31Aug20,127.5,,24.938,1971.54,2123.5,1966.618123,1994.298846,2118.214172,,,7.978006124,656.877952,1826.113412,119.5254558,20.97936646,2.944173046,1.902569982,
