LarvaeMorphID,CilType,Area,MajorAxisLength,MaxFeretDiameter,MinFeretDiameter,MinorAxisLength,Perimeter,Batch
J040_B1_1,Area,43342,475.1781748,438.8086143,180.9733069,155.1744241,1312.3,B1
J040_B1_1,Extent,7278,458.5631737,390.0461511,84.12713937,86.38060472,916.302,B1
J040_B1_3,Area,44712,799.2311972,702.9800851,285.1336999,275.168097,2311.888,B1
J040_B1_3,Extent,14313,777.0569229,599.473102,254.7486048,303.797339,1772.284,B1
J040_B1_4,Area,26797,710.4292807,614.9617874,223.9489688,223.6453586,1772.554,B1
J040_B1_4,Extent,11809,676.4121995,545.0110091,200.0035075,223.9083112,1460.186,B1
J040_B1_6,Area,44908,751.3967433,617.683576,299.8386725,278.9795714,1965.164,B1
J040_B1_6,Extent,12577,682.9694142,534.1497917,219.7022151,263.3355832,1551.204,B1
J040_B1_9,Area,20354,399.3238488,351.4114398,131.5396925,105.4900754,999.868,B1
J040_B1_9,Extent,6562,417.9966172,359.2547842,74.80012302,75.74250242,822.136,B1
J040_B1_10,Area,19996,362.8440408,323.447059,119.1779381,99.66248171,913.716,B1
J040_B1_10,Extent,5298,338.7434105,296.5889411,48.97961588,45.07604312,664.24,B1
J040_B1_12,Area,21895,324.1925717,310.8858311,146.3766731,125.385293,877.92,B1
J040_B1_12,Extent,5271,337.2929241,291.8715471,55.04925232,53.10385155,664.622,B1
J040_B1_14,Area,50034,817.0832585,672.9673098,285.0294302,305.0052207,1974.578,B1
J040_B1_14,Extent,12933,726.1796399,564.2995658,218.5025594,255.3545797,1601.344,B1
J040_B1_15,Area,9747,237.2871195,211.0094785,73.91357646,67.17226296,574.762,B1
J040_B1_15,Extent,3316,219.6465038,193.9329781,24.92925375,22.32330568,422.598,B1
J041_B1_2,Area,9265,148.5840737,153.0751449,95.80914854,87.04185141,418.24,B1
J041_B1_2,Extent,1928,121.8880206,108.4619749,24.75931792,23.20102852,256.33,B1
J041_B1_4,rea,62853,665.8574515,604.88098,288.1230302,250.399351,1693.37,B1
J041_B1_4,xtent,10906,632.8044439,512.289957,172.9341958,196.2513471,1352.39,B1
J041_B1_5,Area,66938,518.2275614,485.2545724,230.0937517,194.0423364,1381.218,B1
J041_B1_5,Extent,6951,431.8723089,370.6211003,83.48413023,86.92539562,862.646,B1
J041_B1_9,Area,44989,620.7242881,557.5096412,199.4190116,181.668371,1516.986,B1
J041_B1_9,Extent,10035,580.6609815,484.4842619,156.0049244,173.0987484,1237.598,B1
J041_B1_12,Area,66012,474.2658396,442.6522337,210.4354439,192.4076163,1283.918,B1
J041_B1_12,Extent,6071,389.7502054,332.583824,56.71283293,53.58792637,758.9,B1
J041_B1_16,Area,22086,191.2294797,208.0793118,161.7847496,161.4363103,673.958,B1
J041_B1_16,Area,2652,94.43188962,88.19297024,38.20864965,37.66876207,229.12,B1
J041_B1_16,Area,13010,297.7253837,276.1231609,82.81508199,74.22926534,699.5,B1
J041_B1_16,Extent,2753,180.6616313,158.3729775,29.34593669,26.33750964,360.278,B1
J041_B1_16,Extent,598,39.69580423,37.33630941,18.52098016,19.43452881,99.388,B1
J041_B1_16,Extent,4067,267.699246,233.2573686,31.49402592,25.98779924,520.226,B1
J041_B1_17,rea,55496,777.2068477,623.3979467,327.9187474,357.1119155,2146.818,B1
J041_B1_17,Extent,14897,722.4223356,545.6418239,287.9916445,340.4573822,1824.068,B1
J041_B1_21,Area,65339,713.8487169,642.0101245,299.8379133,264.7703298,1942.592,B1
J041_B1_21,Extent,11639,643.6498665,530.589295,195.3240905,221.4976732,1424.11,B1
J042_B1_1,Area,45148,753.6451543,568.5068161,264.3253893,275.9018762,1790.374,B1
J042_B1_1,Extent,12954,651.7226457,502.3116562,248.6679275,289.9911428,1594.782,B1
J042_B1_6,Area,60811,786.4610204,661.2026921,350.3871209,334.3220219,2053.482,B1
J042_B1_6,Extent,13187,729.5155368,561.8344952,230.7708139,262.3212908,1628.184,B1
J042_B1_7,Area,70034,611.7778452,617.6026231,305.0686789,294.7243,2281.584,B1
J042_B1_7,Extent,9981,544.8921584,436.3312962,175.0869208,197.6829056,1226.862,B1
J042_B1_8,Area,59594,841.1110533,618.2895762,339.9541972,351.4379688,2321.632,B1
J042_B1_8,Extent,14293,710.6200039,509.1571467,278.3606307,330.2663701,1770.782,B1
J042_B1_15,Area,50023,850.7250099,726.3952092,336.9396171,349.3228372,2382.066,B1
J042_B1_15,Extent,15131,743.2583947,538.0566885,309.060954,361.4288621,1864.718,B1
J042_B1_16,rea,60031,792.8201583,609.5088186,364.4392971,369.8432678,2335.582,B1
J042_B1_16,Extent,15550,751.9204401,532.3241494,302.1183471,355.7791112,1904.106,B1
J042_B1_19,Area,9624,177.2792632,182.428068,74.8952775,76.33033754,457.03,B1
J042_B1_19,Extent,3047,197.179177,175,26.24444022,23.44656636,395.196,B1
J044_B1_7,Area,4897,140.6933273,126.6964877,65.18900332,64.12465447,409.068,B1
J044_B1_7,Extent,1900,124.8645604,111.4136437,19.77673548,20.23602058,259.196,B1
J044_B1_8,Area,33107,325.2441105,322.5306187,143.7313867,137.1931277,863.588,B1
J044_B1_8,Extent,4329,276.1679078,237.8613041,44.74516677,40.75017095,547.844,B1
J044_B1_12,Area,31817,1044.617017,719.0445049,264.0977751,289.9885152,2125.15,B1
J044_B1_12,Extent,15435,813.0681592,606.2227313,280.8625074,332.6238448,1894.246,B1
J044_B1_18,Area,97841,667.7761316,562.9209536,348.7050294,264.2021375,2044.272,B1
J044_B1_18,Extent,9506,577.7507018,470.2307944,128.9081737,139.3178344,1185.982,B1
J044_B1_19,Area,4232,100.6111686,101.414989,58.13776741,54.71009402,267.744,B1
J044_B1_19,Extent,771,51.74800191,47.67598976,18.01509396,19.35165018,119.834,B1
J044_B1_21,Area,24531,433.4774912,432.3482393,129.5759138,114.1947386,1118.696,B1
J044_B1_21,Extent,6270,398.1815766,343.5825956,65.79723598,66.40291458,790.736,B1
J046_B1_10,Area,55476,848.5479025,657.2381608,371.5118101,355.521055,2206.64,B1
J046_B1_10,Extent,15657,795.6741759,573.6898117,302.3706859,356.8959147,1937.584,B1
J046_B1_16,Area,17501,390.0063319,340.4115157,115.4186084,98.23059356,933.384,B1
J046_B1_16,Extent,7039,403.5091984,345.6153932,93.57698189,92.22329337,877.818,B1
J046_B1_17,Area,54162,674.0002902,633.8154305,292.8901901,228.9976982,1862.374,B1
J046_B1_17,Extent,10275,605.0886613,498.7183574,152.9372161,170.4781963,1272.146,B1
J046_B1_21,Area,1925,62.57474362,60.40695324,39.60939559,40.44550101,173.872,B1
J046_B1_21,Extent,654,43.68254756,41,19.13090904,19.52333986,106.076,B1
J046_B1_25,Area,72864,733.5985572,662.1819992,313.2111676,275.0469054,2009.05,B1
J046_B1_25,Extent,10848,612.9619892,482.9430608,174.9418867,199.821226,1330.644,B1
J049_B1_1,Area,59511,788.3385256,652.2737156,273.9376144,242.9569016,1898.234,B1
J049_B1_1,Extent,11365,655.8513731,543.5678431,174.8874648,193.3603163,1385.852,B1
J049_B1_2,Area,64294,581.7902395,511.2885682,285.7599929,223.3087074,1743.318,B1
J049_B1_2,Extent,9181,534.4359181,446.4302857,134.3941897,151.120017,1133.6,B1
J049_B1_3,Area,15771,248.6428612,240.8651075,109.6734205,97.3370512,638.634,B1
J049_B1_3,Extent,4150,269.3224732,234.4120304,35.35222614,30.71272793,528.494,B1
J049_B1_4,Area,40802,370.7889949,381.9581129,177.6149117,156.3498042,1038.594,B1
J049_B1_4,Extent,4060,265.1817991,231.4584196,34.55899676,28.82131439,509.92,B1
J049_B1_5,Area,28560,291.5102677,287.6473535,161.3778627,140.778504,788.57,B1
J049_B1_5,Extent,4265,275.8357675,239.1024885,39.02346405,37.21000765,537.196,B1
J049_B1_7,Area,9736,191.8270334,178.4404663,74.99267096,68.30894305,461.284,B1
J049_B1_7,Extent,2825,183.1519612,160.8601877,28.7399627,25.11135477,364.66,B1
J049_B1_9,Area,55952,780.3085721,613.9462517,334.5810022,344.546721,2088.348,B1
J049_B1_9,Extent,18,8.189734744,7.280109889,2.42535625,2.894193333,19.726,B1
J049_B1_9,Extent,42,10.40597627,9.219544457,4,5.318970561,27.484,B1
J049_B1_9,Extent,14398,726.6527729,528.5007096,280.9463264,329.5135556,1778.96,B1
J049_B1_11,Area,8205,201.9501272,182.7046797,59.25072932,56.48196298,458.864,B1
J049_B1_11,Extent,3160,205.1295555,179.4129315,29.89083269,26.17047138,409.208,B1
J049_B1_13,Area,50808,440.7604133,436.6062299,238.4974144,203.4719739,1349.638,B1
J049_B1_13,Extent,6808,414.4050135,347.2203911,95.53179253,95.45335026,844.456,B1
J052_B1_1,Area,15239,173.9597201,177.2907217,116.7347532,116.4756768,510.048,B1
J052_B1_1,Extent,2605,173.813362,152.8168839,23.71668463,21.81962672,349.998,B1
J052_B1_2,Area,87558,828.5219646,756.4000264,385.8296752,367.426944,2662.204,B1
J052_B1_2,Extent,14447,739.7631183,557.7239461,280.1987214,330.3370468,1780.604,B1
J052_B1_3,Area,38476,659.6886701,644.8829351,213.6383381,199.218744,1679.318,B1
J052_B1_3,Extent,11090,622.4693156,498.5549117,177.5591102,204.0832725,1371.038,B1
J052_B1_8,Area,22048,409.910756,372.8283787,127.4397897,113.7175702,984.11,B1
J052_B1_8,Extent,6565,409.5221738,348.1910395,78.88379704,79.1319191,818.608,B1
J052_B1_11,Area,17688,723.8385762,535.7686068,132.1519029,131.7092593,1333.51,B1
J052_B1_11,Extent,9484,557.7862938,457.1968941,149.376784,165.2068707,1176.798,B1
J052_B1_12,Area,54171,922.3150629,714.4403404,319.68509,273.5771931,2348.002,B1
J052_B1_12,Extent,13272,713.3442751,555.0900828,245.1907459,285.879892,1658.832,B1
J052_B1_13,Area,9588,217.8753988,173.4416328,87.63569483,86.26206438,554.252,B1
J052_B1_13,Extent,2373,157.1661683,138.2316896,24.22809551,22.05698692,315.514,B1
J052_B1_16,Area,38604,386.9161692,350.6821923,210.3961109,175.0244212,1215.192,B1
J052_B1_16,Extent,5585,351.7269431,302.8035667,63.29761427,63.38951068,696.66,B1
J054_B1_1,Area,21496,931.7990459,687.3638047,281.317113,387.6714901,2074.742,B1
J054_B1_1,Extent,15077,797.3912024,584.8290348,269.4264051,322.4512925,1876.17,B1
J054_B1_2,Area,44764,786.619106,671.0178835,282.3199587,279.5482748,2086.016,B1
J054_B1_2,Extent,13684,745.6924763,582.9107994,248.3169387,285.5231976,1690.158,B1
J054_B1_5,Area,2029,59.53964437,59.8414572,44,44.67504642,172.496,B1
J054_B1_5,Extent,691,46.88349219,43.01162634,18.76491188,19.38013261,110.598,B1
J054_B1_7,Area,30247,405.7269272,383.191858,155.6965713,136.0945469,1058.288,B1
J054_B1_7,Extent,6487,414.4848777,356.0463453,66.43037372,65.67280562,814.328,B1
J054_B1_8,Area,18475,284.5515202,274.5541841,120.7383553,105.5785786,755.602,B1
J054_B1_8,Extent,4068,264.2467957,231.4000864,38.18278102,33.98917264,520.226,B1
J054_B1_9,Area,45542,983.4875754,703.354818,353.0316453,404.5075373,2362.716,B1
J054_B1_9,Extent,17321,841.6483242,594.757934,350.3073261,420.3252586,2142.27,B1
J054_B1_10,Area,13956,482.4364172,387.2531472,78.04695955,63.74205055,953.474,B1
J054_B1_10,Extent,6051,392.0180012,338.7742611,53.0407309,48.22625734,764.812,B1
J054_B1_13,Area,21872,254.3779149,271.2286858,144.8183886,140.1023119,836.672,B1
J054_B1_13,Extent,3314,218.758174,193.3416665,24.42321672,22.27493474,427.12,B1
J057_B1_2,Area,113463,789.2183695,753.4036103,445.7090743,386.0136291,2663.556,B1
J057_B1_2,Extent,14765,767.0115053,560.2231698,277.3499912,319.4638737,1813.75,B1
J057_B1_3,Area,52611,826.3374215,686.0029154,293.6896287,301.8293171,2059.546,B1
J057_B1_3,Extent,13173,718.8197033,545.4557727,235.4317389,272.1167348,1638.528,B1
J057_B1_4,Area,71010,940.2739056,778.3399,303.8002355,328.4762763,2406.792,B1
J057_B1_4,Extent,14021,757.0799395,589.4378678,250.2588429,292.4549481,1743.622,B1
J057_B1_6,Area,72560,959.3950224,745.721798,349.432356,376.7951114,2526.728,B1
J057_B1_6,Extent,16011,820.9333617,589.8016616,310.1414901,362.0107768,1980.73,B1
J057_B1_7,Area,54405,843.3579198,646.2723884,351.89014,317.2969034,2375.798,B1
J057_B1_7,ent,14271,728.0475587,553.5133241,265.1431196,314.7818992,1751.216,B1
J057_B1_8,Area,10783,210.8900243,201.8539076,74.03749319,69.57766817,530.788,B1
J057_B1_8,Extent,3171,207.1637196,182.7840256,22.49942069,21.19310664,408.432,B1
J066_B1_3,Area,79504,837.0465599,823.9496344,342.3931686,346.0120422,2447.48,B1
J066_B1_3,Extent,15430,818.2322523,649.3843238,262.4305354,315.6622976,1875.992,B1
J066_B1_4,Area,30253,620.5288183,505.8191376,233.5305458,209.4582861,1741.904,B1
J066_B1_4,Extent,8976,544.950868,455.6862956,128.0268795,141.7717098,1121.448,B1
J066_B1_5,Area,28206,365.1327391,370.6818042,162.8977747,136.9582242,1051.778,B1
J066_B1_5,Extent,5555,346.9261966,304.1134657,71.51099162,73.61201673,697.538,B1
J066_B1_6,Area,63412,408.1456905,441.1303662,249,222.7326572,1259.944,B1
J066_B1_6,Extent,5683,363.3853477,315.4060874,52.60925667,52.47334141,711.552,B1
J066_B1_7,Area,32182,753.2874613,561.0151513,240.1094599,223.3297189,1818.986,B1
J066_B1_7,Extent,11526,636.8170919,501.4229751,196.8159982,224.6407717,1417.102,B1
J066_B1_10,Area,18491,363.5773156,343.1413703,118.9871317,99.37317867,964.314,B1
J066_B1_10,Area,45320,538.1307132,544.8908148,199.2770848,160.484942,1512.522,B1
J066_B1_10,Area,36,9.349270747,9.055385138,4,5.022063374,24.968,B1
J066_B1_10,Area,14,6.131097548,5.099019514,2,2.936975789,16.07,B1
J066_B1_10,Area,15,5.552194589,4.472135955,2.683281573,3.554055827,15.656,B1
J066_B1_10,Area,4,2.916356057,2,1,1.822720681,6.656,B1
J066_B1_10,Area,10,4.183533356,3.16227766,2,3.080842595,11.656,B1
J066_B1_10,Extent,14312,751.6848929,567.3737745,261.6896925,306.9371672,1748.986,B1
J066_B1_11,Area,13017,166.7727782,169.4254999,112.144262,106.9702846,485.31,B1
J066_B1_11,Extent,2592,170.7736926,151.6344288,22.98850185,21.38705388,341.948,B1
J068_B1_1,Area,33073,438.2764064,414.1605969,213.2686404,169.2549738,1180.492,B2
J068_B1_1,Extent,7505,459.2463619,391.9502519,95.86564049,102.4836099,919.346,B2
J068_B1_3,Area,6497,119.2622815,113.5649594,72.84289019,72.39231664,332.572,B2
J068_B1_3,Area,2243,61.6164889,62.76941931,44.82063702,47.14585874,181.706,B2
J068_B1_3,Area,5725,99.20224754,99.90495483,73.83144732,75.54289756,299.744,B2
J068_B1_3,Area,7048,111.0587259,108.5034562,80.35789259,84.11222476,328.432,B2
J068_B1_3,Extent,2063,134.9139405,120.6192356,22.5377901,21.57534624,275.324,B2
J068_B1_3,Extent,729,48.65319902,44.94441011,18.36871678,19.56784219,116.458,B2
J068_B1_3,Extent,1463,95.63589594,86.58521814,21.47692308,20.96351752,204.012,B2
J068_B1_3,Extent,1552,103.3323415,92.91393867,20.8281504,20.32437671,213.388,B2
J068_B1_4,Area,16809,286.1476112,255.3311575,107.1655172,93.19213068,685.666,B2
J068_B1_4,Area,50729,415.8121762,410.3327918,200.9793957,175.9960267,1132.072,B2
J068_B1_4,Area,2586,71.72454783,69.83552105,43.84062043,46.54965983,197.018,B2
J068_B1_4,Extent,5524,330.8616432,284.5698508,50.18272188,53.96541605,688.596,B2
J068_B1_4,Extent,5711,367.2397606,320.7771812,44.27768706,39.65010064,710.8,B2
J068_B1_4,Extent,548,37.19425423,34.40930107,16.97056275,19.11688857,93.044,B2
J068_B1_7,Area,35966,581.6938542,494.629154,201.4829544,176.7062113,1367.32,B2
J068_B1_7,Extent,9350,549.6319226,460.7830292,137.1005797,151.8232999,1151.066,B2
J068_B1_10,Area,77469,739.6291563,664.1596194,348.6524328,323.9484733,1944.196,B2
J068_B1_10,Extent,12371,690.6705177,541.4914588,208.4344046,238.9458906,1527.114,B2
J068_B1_11,Area,10797,217.3607168,191.0235588,88.19002352,74.64926682,516.176,B2
J068_B1_11,Extent,3118,202.7333704,178.5329101,27.20610468,24.45382156,403.692,B2
J068_B1_12,Area,41230,383.4508719,400.4847063,203.9720226,181.5870958,1154.708,B2
J068_B1_12,Extent,5784,377.3006081,326.695577,50.2948675,44.36328646,735.64,B2
J068_B1_17,Area,30255,576.3945667,481.5184316,136.1266822,119.430367,1198.44,B2
J068_B1_17,Extent,8292,512.6690163,425.2293499,91.24277984,88.0239442,1019.562,B2
J068_B1_18,Area,57329,891.5964773,694.1361538,283.3415295,297.5376702,2084.87,B2
J068_B1_18,Extent,14388,777.5296066,591.8487983,248.71654,287.6459269,1759.406,B2
J068_B1_19,Area,47856,633.621839,564.0088652,243.9190773,237.6045244,1717.866,B2
J068_B1_19,Area,9306,145.0858834,141.2303084,87.55846456,86.94464927,408.024,B2
J068_B1_19,Extent,11132,604.9081384,466.4761516,191.3830881,198.1859666,1370.554,B2
J068_B1_19,Extent,2123,138.7646732,123.794184,25.70339102,23.01157413,280.598,B2
J070_B1_1,Area,4439,84.78829408,85.23496935,69.44326482,67.89542612,257.018,B2
J070_B1_1,Area,6254,117.6135803,121.8523697,73.87712581,69.9960481,338.024,B2
J070_B1_1,Extent,1165,76.87758639,69.4046108,18.8418478,19.94953735,165.846,B2
J070_B1_1,Extent,1183,77.81973163,70.57619995,20.93842898,20.52974103,171.324,B2
J070_B1_2,Area,61580,500.8089082,491.7418022,204.5105327,181.313386,1494.224,B2
J070_B1_2,Extent,5595,351.2473533,300.5411785,59.69933227,57.17493333,696.838,B2
J070_B1_8,Area,40162,482.4510242,430.0430211,160.8650886,136.2213057,1160.556,B2
J070_B1_8,Extent,6251,390.7802196,334.005988,73.94919921,73.01919923,787.958,B2
J070_B1_10,Area,6174,131.204969,129.3870164,72.08382329,68.47729884,369.4,B2
J070_B1_10,Extent,1608,105.1130712,94.9210198,22.74947168,21.19664739,220.356,B2
J070_B1_13,Area,25338,232.6517264,235.6374334,165.1412195,152.6064517,776.15,B2
J070_B1_13,Extent,3779,244.7996882,214.8883431,32.69184975,28.62098226,484.724,B2
J070_B1_14,Area,54552,442.9347541,427.948595,244.3830966,216.5605563,1238.224,B2
J070_B1_14,Extent,6274,400.206703,346.2369131,63.62511903,62.33241989,781.856,B2
J072_B1_1,Area,21870,407.0223782,336.8233959,113.7876425,92.41133951,878.34,B2
J072_B1_1,Extent,5459,351.4432509,304.7261065,52.82972239,49.01722288,687.156,B2
J072_B1_3,Area,5316,93.83214661,94.3716059,72.28,73.50720577,285.056,B2
J072_B1_3,Area,8926,141.1294539,148.1215717,89.26165539,82.86808227,388.164,B2
J072_B1_3,Area,6892,124.5135185,129.0038759,75.11321852,73.03400566,340.164,B2
J072_B1_3,Area,13460,235.761638,209.6783251,81.96375288,78.7882639,554.138,B2
J072_B1_3,Extent,1319,85.59560532,77.62087348,19.23047895,20.21527486,185.77,B2
J072_B1_3,Extent,1655,110.6447127,98.41239759,18.77001673,19.80790386,223.248,B2
J072_B1_3,Extent,1523,100.6734544,89.35882721,22.7179144,21.34488171,211.4,B2
J072_B1_3,Extent,3204,209.4053686,185.5855598,28.81488024,25.35218052,417.196,B2
J072_B1_4,Area,36672,340.9129624,327.9420681,186.0427686,167.7805996,1056.084,B2
J072_B1_4,Area,8685,205.9770626,180.8009956,57.03949195,57.21970233,456.188,B2
J072_B1_4,Extent,2909,194.2995372,170.6604817,20.36488319,20.23596352,379.424,B2
J072_B1_4,Extent,5154,325.6754109,287.7933286,45.18550366,37.32129048,650.124,B2
J072_B1_5,Area,9646,175.5457339,178.7092611,82.80484949,73.13074613,440.482,B2
J072_B1_5,Area,20077,178.7606893,193.3830396,151.9226485,148.1423672,579.73,B2
J072_B1_5,Area,68903,378.60251,398.5285435,314.6625176,264.1881226,1251.612,B2
J072_B1_5,Extent,2351,157.2564914,138.6001443,20.39703874,20.03889547,311.208,B2
J072_B1_5,Extent,1332,88.80631901,79.51100553,19.9712164,20.0961314,185.49,B2
J072_B1_5,Extent,5145,332.5846894,289.2766842,46.4374315,42.35069641,652.136,B2
J072_B1_7,Area,29844,276.8816001,307.8262497,190.1143117,165.6451044,951.346,B2
J072_B1_7,Extent,3431,224.4442248,196.8882932,25.90899734,22.7316369,443.144,B2
J072_B1_8,Area,74951,587.2683096,546.4430437,309.2972454,269.7574836,1816.146,B2
J072_B1_8,Extent,9498,574.0465757,474.2362281,126.150935,140.2875883,1172.556,B2
J072_B1_9,Area,40222,371.9663605,347.6377425,169.630939,149.4310247,927.448,B2
J072_B1_9,Extent,4774,307.4289353,269.8981289,48.14769568,45.96133108,603.628,B2
J072_B1_10,Area,18452,236.0897234,218.4490787,114.3837539,105.2005598,608.774,B2
J072_B1_10,Extent,3374,220.1102121,192.5201288,31.78702835,28.02652551,435.768,B2
J072_B1_12,Area,7700,116.3492803,128.4562182,87.91131895,86.2596841,354.788,B2
J072_B1_12,Area,35999,287.5524875,289.2905114,186.3558843,176.6398578,840.646,B2
J072_B1_12,Extent,1292,85.40309264,76.85050423,19.92056506,20.2186667,185.604,B2
J072_B1_12,Extent,4683,302.9506221,266.9569254,39.55081939,34.95684751,594.036,B2
J072_B1_13,Area,6546,123.655953,123.434193,67.75020155,69.81054032,330.75,B2
J072_B1_13,Area,2512,65.61042144,66.85057965,46,50.16270436,194.216,B2
J072_B1_13,Extent,1682,110.3431173,98.47842403,21.27386593,20.75631048,229.196,B2
J072_B1_13,Extent,725,47.44114129,44.14748011,20.00384578,20.06291403,113.49,B2
J073_B1_1,Area,12352,151.3335406,151.9210321,100.2315786,106.8380229,449.386,B2
J073_B1_1,Area,33946,673.7980372,550.5778782,179.1042393,158.0514566,1462.452,B2
J073_B1_1,Extent,1578,102.733432,91.43850392,21.09917649,20.96686466,213.438,B2
J073_B1_1,Extent,9728,559.3911652,461.6632972,152.6362398,166.1800153,1197.358,B2
J073_B1_3,Area,40097,506.2701589,470.9193137,212.8495548,176.4490219,1329.358,B2
J073_B1_3,Area,14686,225.3791721,219.8294794,97.2370723,88.46719061,560.8,B2
J073_B1_3,Extent,3424,222.4501116,195.3586445,32.91777281,28.93736889,441.972,B2
J073_B1_3,Extent,8554,515.7471553,433.664617,119.8703433,129.4058688,1064.722,B2
J073_B1_4,Area,23844,422.2084564,375.9694136,127.4505976,103.7559262,932.098,B2
J073_B1_4,Area,10402,163.9611893,154.1492783,87.62809963,84.85089049,434.928,B2
J073_B1_4,Extent,6111,384.3973744,331.7890896,76.64125751,78.76930118,767.258,B2
J073_B1_4,Extent,1840,123.2400184,108.7244223,23.62520642,21.57057971,251.234,B2
J073_B1_8,Area,8174,132.8929449,143.2201103,86.37904208,84.36736697,394.126,B2
J073_B1_8,Area,18864,282.8054778,260.1095923,108.1053273,96.20614988,684.124,B2
J073_B1_8,Extent,2050,134.4450181,119.8707637,28.55803992,25.63336721,277.744,B2
J073_B1_8,Extent,4052,263.178902,229.7128642,36.47644114,31.97861001,518.086,B2
J073_B1_10,Area,17453,292.5962494,271.4000737,93.2900832,84.26101947,675.984,B2
J073_B1_10,Area,20888,388.1611864,338.0014793,103.4901344,93.43811332,863.156,B2
J073_B1_10,Extent,3889,253.2413739,219.1072797,40.28033859,35.63662142,497.806,B2
J073_B1_10,Extent,4644,298.5071888,260.5091169,44.02291078,39.64489251,587.96,B2
J073_B1_11,Area,8627,183.6514217,172.7541606,72.93529456,67.77819042,444.61,B2
J073_B1_11,Extent,2820,182.8582643,161.8177988,28.27345635,24.42502544,366.814,B2
J073_B1_13,Area,36972,587.3845849,543.2531638,210.9523461,192.263933,1446.02,B2
J073_B1_13,Extent,9360,558.5141297,446.4011649,131.2440877,143.875692,1153.6,B2
J073_B1_15,Area,16907,282.174233,263.8275952,117.2932134,98.45649505,705.882,B2
J073_B1_15,Area,15093,214.6925083,197.7169694,90.97606762,92.67200816,548.876,B2
J073_B1_15,Extent,4622,290.9690912,250.4156545,56.80296196,55.50374263,590.188,B2
J073_B1_15,Extent,3178,203.9852107,177.2596965,39.9523156,36.5188715,413.004,B2
J073_B1_16,Area,12530,230.8211423,209.0095692,87.36103729,78.78347801,599.666,B2
J073_B1_16,Extent,3040,193.2705333,169.2601548,36.82658325,31.40040993,393.132,B2
J073_B1_17,Area,8677,172.4541337,165.2755275,73.73729083,68.48738188,437.106,B2
J073_B1_17,Area,36291,572.0190444,498.4024478,191.2445757,167.5323155,1427.522,B2
J073_B1_17,Extent,2730,181.0851843,159.7779709,23.06941576,21.15481339,364.24,B2
J073_B1_17,Extent,9000,538.3694729,449.2593906,126.9289755,145.8313159,1118.848,B2
J076_B1_1,Area,27613,308.0620914,306.3233586,137.0398288,125.6236898,874.99,B2
J076_B1_1,Extent,3945,255.306413,224.6174526,36.74873101,32.64110751,500.648,B2
J076_B1_2,Area,4516,106.4435441,103.8171469,60.20957691,57.63876223,290.368,B2
J076_B1_2,Extent,1763,117.1480721,104.6947945,20.30609082,20.39255803,245.056,B2
J076_B1_4,Area,19840,342.0708642,321.3378285,128.8299797,102.2004806,925.996,B2
J076_B1_4,Extent,4455,285.4479838,249.2428535,45.66609135,42.31776662,567.718,B2
J076_B1_5,Extent,2338,153.45166,136.3084737,22.54968948,21.29705004,311.362,B2
J076_B1_6,Area,5715,94.59070094,97.41663102,80.95649319,80.59120379,302.75,B2
J076_B1_6,Area,15544,197.9440496,191.4706244,117.2566885,109.5557664,577.628,B2
J076_B1_6,Area,2268,76.01322933,71.86793444,37.58839635,39.10374692,198.98,B2
J076_B1_6,Extent,1431,94.63980936,85.08818954,18.33575742,19.9370825,202.776,B2
J076_B1_6,Extent,2995,195.1952941,172.1540008,25.34705846,21.84817228,391.858,B2
J076_B1_6,Extent,788,51.86789738,48.10405388,18.48431807,19.71435255,122.7,B2
J076_B1_7,Area,11207,231.1790726,213.1900561,77.25950486,67.3020939,531.068,B2
J076_B1_7,Area,11364,160.7193026,160.8508626,123.8850657,112.2244295,544.074,B2
J076_B1_7,Extent,3051,193.0233395,167.7200048,37.40823912,30.13600789,397.298,B2
J076_B1_7,Extent,2331,147.2068102,130.8625233,34.73104846,31.45737362,306.406,B2
J076_B1_8,Area,20980,365.8605855,344.0581346,104.7947255,86.39872408,845.538,B2
J076_B1_8,Area,4032,83.02062018,88.28363382,63.05711697,63.08809409,250.712,B2
J076_B1_8,Extent,5779,373.1858149,326.3770825,46.51619889,41.85871983,724.252,B2
J076_B1_8,Extent,800,53.99504058,49.39635614,18.12622893,19.33467217,124.84,B2
J076_B1_9,Area,30246,227.3159537,234.8829496,163.5210693,173.7186617,702.302,B2
J076_B1_9,Area,7578,152.4789815,145.3444185,72.01355998,69.26620428,414.788,B2
J076_B1_9,Area,18134,166.6229234,167.1466422,137.0649414,141.1035104,524.66,B2
J076_B1_9,Extent,2667,174.8628781,154.0519393,24.27472427,21.88438614,350.24,B2
J076_B1_9,Extent,1877,122.9972951,109.603832,23.35822751,22.24779109,256.266,B2
J076_B1_9,Extent,2682,176.1415247,156.2369995,29.57431552,26.02278392,355.54,B2
J076_B1_11,Area,14218,161.2756771,185.5640051,133.354117,132.4893322,536.138,B2
J076_B1_11,Area,16667,179.0341148,191.6715941,139.8613423,124.839116,540.902,B2
J076_B1_11,Area,14196,207.522531,194.2807247,91.02313532,91.33671886,514.61,B2
J076_B1_11,Extent,2155,137.3864244,123.3288287,28.07572694,26.29617359,286.98,B2
J076_B1_11,Extent,1957,127.3489639,112.8051417,23.21641334,21.75737167,264.126,B2
J076_B1_11,Extent,2990,192.6665926,172.1046193,27.38036307,25.54526587,383.324,B2
J076_B1_12,Area,15143,215.708647,210.1618424,98.64374351,93.85676658,547.094,B2
J076_B1_12,Extent,3027,199.4051979,175.4109461,27.75105919,24.50553216,389.082,B2
J078_B1_11,Area,36804,445.6306931,423.792402,167.3954168,150.4854278,1262.16,B2
J078_B1_11,Extent,5956,370.8648462,317.7231499,69.91316759,69.39958341,733.526,B2
J078_B1_14,Area,42370,454.9035962,404.5985665,159.1923208,141.7413477,1125.396,B2
J078_B1_14,Extent,5158,324.4160473,282.5738841,52.51711628,52.67246522,643.896,B2
J078_B1_19,Area,3091,78.88405178,76.84399781,48.70267723,52.26797963,226.394,B2
J078_B1_19,Area,28380,313.2254813,313.0015974,140.6544248,124.6599252,791.028,B2
J078_B1_19,Extent,1191,77.91886726,71.19691005,21.80111422,20.83463978,169.388,B2
J078_B1_19,Extent,3929,258.2601899,223.664928,35.02008969,30.19998734,503.054,B2
J078_B1_20,Area,12870,143.402472,164.4536409,117.7653847,124.4407929,477.526,B2
J078_B1_20,Extent,1947,126.8002764,111.9464158,24.61969744,23.2481789,260.89,B2
J078_B1_22,Area,14124,190.8298178,192.8159744,109.4972849,106.2380303,542.418,B2
J078_B1_22,Area,33796,300.1169417,280.9786469,187.8173856,163.8734198,863.588,B2
J078_B1_22,Extent,1646,107.0202851,96.46242792,20.16343062,20.45667426,227.12,B2
J078_B1_22,Extent,4376,283.8813009,245.8149711,42.33666447,37.67003441,559.602,B2
J079_B1_4,Area,57381,579.4383084,518.9807318,169.4199234,150.7277066,1365.79,B2
J079_B1_4,Area,17472,308.9178332,279.1218372,103.2569774,86.56051435,787.054,B2
J079_B1_4,Extent,6733,419.4448161,359.5066063,77.97031709,79.91153427,833.054,B2
J079_B1_4,Extent,3701,241.7903147,211.5490487,26.70377558,22.20516585,476.8,B2
J079_B1_5,Area,81022,584.8536512,540.1499792,256.4524907,219.4038927,1502.096,B2
J079_B1_5,Extent,8789,548.3488628,450.9988914,95.22596161,97.15685723,1079.64,B2
J079_B1_7,Area,75944,570.0815184,519.2773825,309.830587,237.8690223,1593.114,B2
J079_B1_7,Area,14828,183.5967771,185.3105502,114.2084759,111.6918307,520.138,B2
J079_B1_7,Extent,3500,227.9909566,200.3397115,31.63885425,26.8947979,449.424,B2
J079_B1_7,Extent,9107,538.1515665,442.7572698,135.3159973,150.6301918,1127.868,B2
J079_B1_9,Area,2063,55.98389544,56.30275304,46.66904756,47.23671091,171.324,B2
J079_B1_9,Area,1987,62.3509814,64.40496875,41.93180177,41.04260519,173.77,B2
J079_B1_9,Extent,539,36.55865276,34.525353,18,19.05083658,91.592,B2
J079_B1_9,Extent,504,34.64632181,32.38826948,17,18.75683209,87.35,B2
J079_B1_10,Area,7266,112.4932891,119.5198728,88.23817547,85.55076274,345.374,B2
J079_B1_10,Area,28024,235.5257572,266.5633133,184.2527484,166.4754929,759.806,B2
J079_B1_10,Extent,1377,92.56471923,83.09632964,17.76696734,19.4694043,192.368,B2
J079_B1_10,Extent,3553,228.6055404,201.6134916,36.67371508,32.43263605,451.056,B2
J079_B1_14,Area,12119,244.6730893,217.7544489,72.22360099,69.11758238,568.392,B2
J079_B1_14,Extent,3363,220.034711,192.7615107,27.18030962,23.53038943,434.354,B2
J079_B1_15,Area,34655,372.6114606,349.7942252,151.9201158,136.5915682,1100.25,B2
J079_B1_15,Extent,4878,309.8749308,269.235956,44.94523853,41.81967222,612.888,B2
J081_B1_1,Area,12417,227.4473484,210.6086418,88.07693767,79.89813845,553.374,B2
J081_B1_1,Area,10436,141.6509774,159.6621433,101.7537037,101.1286122,459.004,B2
J081_B1_1,Extent,3824,245.5657328,216.9331694,35.93160376,30.99277839,480.712,B2
J081_B1_1,Extent,1544,101.9169523,91.38927727,19.37681494,20.08653322,216.432,B2
J081_B1_3,Area,74654,775.3625887,690.4404391,396.5186392,381.2741466,2231.532,B2
J081_B1_3,Extent,14536,791.3271552,604.4005295,249.897617,289.7374893,1773.776,B2
J081_B1_4,Area,51694,389.1568047,370.2566677,210.9947226,186.3597396,1144.938,B2
J081_B1_4,Extent,4582,296.6945981,260.2556436,35.67567568,32.40710615,581.692,B2
J081_B1_5,Area,77956,456.6957093,428.8414625,280.7865573,250.4230884,1328.428,B2
J081_B1_5,Extent,6402,405.887523,346.5977496,66.41199223,67.26261837,801.22,B2
J081_B1_6,Area,7308,157.2150502,149.0536816,61.21864975,61.92218996,383.106,B2
J081_B1_6,Extent,2221,149.2992194,131.605471,23.32974331,21.60103379,298.24,B2
J081_B1_7,Area,11456,190.4009948,180.2692431,81.52421678,81.69662827,471.094,B2
J081_B1_7,Extent,3035,196.613747,173.0462366,33.21220511,28.76712669,393.604,B2
J081_B1_8,Area,28313,212.6944425,219.2008212,188.3533489,177.9613617,694.94,B2
J081_B1_8,Area,22888,311.3587075,265.2112366,136.3633517,122.5799993,810.366,B2
J081_B1_8,Area,3147,82.5545626,85.90692638,53.03300859,49.96251377,224.636,B2
J081_B1_8,Extent,2568,167.5567387,148.1890684,27.92307692,24.91694293,339.336,B2
J081_B1_8,Extent,3699,239.289592,210.4400152,38.29153192,36.10347199,473.896,B2
J081_B1_8,Extent,1071,73.06789255,66.12110102,16,19.0943294,153.936,B2
J081_B1_9,Area,26198,338.5865104,324.5812687,126.0521797,118.9477921,876.392,B2
J081_B1_9,Extent,4424,286.4438836,248.8151925,43.9676095,40.04094424,561.82,B2
J081_B1_10,Area,76311,618.5011686,598.8923109,188.9946623,173.76991,1555,B2
J081_B1_10,Extent,6060,389.0499273,335.2163481,64.48673417,61.21573447,765.296,B2
J081_B1_11,Area,24886,242.4747135,259.1235227,154.2774451,154.7055798,818.43,B2
J081_B1_11,Extent,3259,211.2558381,186.2713075,33.03658601,28.84415537,421.132,B2
J083_B1_3,Area,22164,353.1480483,326.7108814,132.661812,118.8743359,872.136,B2
J083_B1_3,Extent,5849,350.2861872,302.654919,85.64519053,93.87700251,738.01,B2
J083_B1_5,Area,2861,93.50050636,85.08818954,39.71127764,40.85419454,231.986,B2
J083_B1_5,Area,76948,689.5275598,629.114457,334.133936,283.3607976,1928.234,B2
J083_B1_5,Extent,586,37.5963409,35.22782991,20.24655716,20.44716936,97.388,B2
J083_B1_5,Extent,9778,572.5789652,468.9019087,141.4494582,155.4850441,1197.664,B2
J083_B1_6,Area,90308,850.2000597,755.7949457,402.2238212,399.6119562,2488.792,B2
J083_B1_6,Extent,16502,798.2468807,581.2606988,324.3268892,378.6050772,2003.202,B2
J083_B1_8,Area,11671,184.663536,176.1192778,88.13822187,84.09483612,469.476,B2
J083_B1_8,Extent,2403,155.5803227,138.09055,27.6346009,26.68143199,316.98,B2
J083_B1_10,Area,6595,108.0253804,116.3615057,82,80.76099854,326.916,B2
J083_B1_10,Extent,1620,105.5381151,94.9210198,22.66901151,21.48825702,223.566,B2
J083_B1_11,Area,1917,67.36094894,67.26812024,36,38.08216115,178.942,B2
J083_B1_11,Area,1787,59.00937145,59.36328832,40.60541836,39.85864004,168.496,B2
J083_B1_11,Area,3771,83.51421855,87.46427842,60,59.02398264,241.706,B2
J083_B1_11,Area,5454,90.80868999,92.65527508,78.00684504,78.76406943,285.464,B2
J083_B1_11,Extent,967,64.62577546,58.85575588,20.3646753,20.0733622,143.49,B2
J083_B1_11,Extent,829,56.14331955,51.03920062,17.62886619,19.31088179,127.91,B2
J083_B1_11,Extent,1429,96.53571624,86.2670273,19.03945464,19.61735151,202.47,B2
J083_B1_11,Extent,1364,91.73827458,82.29823813,17.84117735,19.5136705,189.006,B2
J085_B1_2,Area,96407,710.1056487,680.0977871,338.3959582,304.226898,2092.144,B2
J085_B1_2,Area,14419,354.424152,295.5300323,108.9775665,93.00414489,796.8,B2
J085_B1_2,Extent,9447,562.2257413,469.1097953,132.0629374,144.2837445,1169.536,B2
J085_B1_2,Extent,4916,312.7196823,273.2215218,57.48412104,56.32556775,616.558,B2
J085_B1_4,Area,32672,396.1236486,404.1150826,161.7110751,133.4357422,1097.154,B2
J085_B1_4,Area,3727,77.26479995,81.21576202,62.29686991,65.05848818,245.808,B2
J085_B1_4,Extent,5718,368.5172969,317.9559718,50.14870923,45.57529816,714.278,B2
J085_B1_4,Extent,1382,90.28969677,81.58431222,21.43889958,20.73774251,192.458,B2
J085_B1_6,Area,12467,162.6844556,178.7176544,117.8193741,107.8850593,517.488,B2
J085_B1_6,Extent,2317,151.8522919,134.2385936,24.55887745,22.29786833,308.89,B2
J085_B1_8,Area,2797,67.60877541,69.89277502,52.90406665,54.12120907,207.668,B2
J085_B1_8,Area,22892,274.3314813,265.1735281,130.1504179,120.2586292,801.436,B2
J085_B1_8,Extent,700,45.82838869,42.75511665,19.64538563,20.01648286,110.904,B2
J085_B1_8,Extent,3757,243.9569436,213.3846292,30.21816526,25.47144565,483.45,B2
J085_B1_9,Area,7168,110.2457871,111.3642672,80.56733762,84.83303634,333.846,B2
J085_B1_9,Area,49248,453.0855066,450.4087033,192.4399633,168.0279416,1439.204,B2
J085_B1_9,Area,11130,232.9256637,214.4411341,86.35571858,73.54105108,548.494,B2
J085_B1_9,Extent,1343,91.41560757,82.09750301,16,19.2065026,185.936,B2
J085_B1_9,Extent,4635,296.134891,257.6237567,47.7653715,43.32735044,589.704,B2
J085_B1_9,Extent,3603,244.0569042,212.2498528,28.39372542,24.35107797,467.054,B2
J085_B1_10,Area,26873,369.4052318,322.273176,136.4051646,112.2062762,887.882,B2
J085_B1_10,Extent,4469,290.352983,252.4004754,43.05343109,39.26330175,569.896,B2
J085_B1_11,Area,14140,260.5333256,232.49086,97.32381679,82.58785398,603.118,B2
J085_B1_11,Area,12742,325.86399,290.4238282,75.86830749,63.2552727,691.372,B2
J085_B1_11,Extent,3775,238.9413058,209.153054,43.80247526,42.07147925,478.686,B2
J085_B1_11,Extent,4693,302.251386,262.0019084,43.04557972,39.12895858,589.818,B2
J085_B1_12,Area,38109,328.7778323,354.6223343,180.0735571,171.7674005,944.06,B2
J085_B1_12,Extent,3746,245.6684138,215.1882896,31.51540514,28.95962387,477.604,B2
J085_B1_13,Area,37759,289.5347936,318.0707468,217.4093195,196.8535097,913.69,B2
J085_B1_13,Area,10555,166.5366664,170.8156901,102.0829555,95.41027805,464.954,B2
J085_B1_13,Extent,3192,212.0705007,187.0721786,24.970996,22.23092419,421.832,B2
J085_B1_13,Extent,1917,127.5821319,113.0707743,21,21.2360907,256.216,B2
J087_B1_1,Area,2794,72.05999869,69.83552105,47,50.6281207,206.216,B2
J087_B1_1,Area,2700,73.19475136,72.71863585,45.96194078,47.71901102,203.846,B2
J087_B1_1,Area,9989,182.3396993,173.9540169,118.9130017,107.5015774,563.144,B2
J087_B1_1,Extent,755,49.68110684,45.88027899,18.38383848,19.7354285,119.044,B2
J087_B1_1,Extent,660,42.12771168,39.20459157,20.30392921,20.72029593,106.458,B2
J087_B1_1,Extent,1761,114.6157794,102.0832993,21.21621641,20.86791493,239.196,B2
J087_B1_2,Area,25399,201.2717139,216.3631207,183.9364459,174.6669403,843.958,B2
J087_B1_2,Extent,2911,189.8692828,168.0743883,23.39761261,21.52682792,382.304,B2
J087_B1_3,Area,75416,600.2811505,623.3434046,233.034943,214.1480613,1865.38,B2
J087_B1_3,Extent,2778,177.9877672,157.708592,30.12845632,26.45897255,363.056,B2
J087_B1_4,Area,19196,191.8928686,215.2440475,147.1915603,147.1960489,630.786,B2
J087_B1_4,Extent,2325,154.6278703,136.8831619,18.81696683,19.98035691,305.692,B2
J087_B1_6,Area,8988,219.2780796,196.8400366,58.28807614,55.41098858,485.782,B2
J087_B1_6,Extent,2907,188.3198764,166.7363188,26.49063661,23.1176438,373.464,B2
J087_B1_8,Area,2725,63.62919135,65.80273551,56,56.60766774,202.496,B2
J087_B1_8,Extent,658,43.97257682,41.23105626,18.29404819,19.36005186,106.904,B2
J087_B1_9,Area,26609,304.2359889,290.3187903,119.0745565,117.0326918,770.366,B2
J087_B1_9,Extent,4104,267.5887547,233.1222855,25.35456949,21.893936,525.322,B2
J087_B1_11,Area,8275,111.3977822,119.1007976,92.43666473,96.21059922,354.508,B2
J087_B1_11,Extent,1336,87.28498697,78.39005039,25.6075668,23.93975935,190.05,B2
J087_B1_12,Area,41673,338.694399,319.3634293,194.4940489,174.1382341,955.46,B2
J087_B1_12,Extent,4637,299.329696,259.356897,45.35995551,41.53451387,590.162,B2
J087_B1_14,Area,23324,300.2627662,280.5726287,124.0180285,112.5416089,731.882,B2
J087_B1_14,Extent,4354,281.5580104,247.008097,39.29425181,35.13628088,554.278,B2
J090_B1_1,Area,53372,532.6402884,464.4868136,180.1113693,158.4691436,1596.63,B2
J090_B1_1,Area,16033,175.6452613,182.5376673,129.6533841,125.6922971,568.978,B2
J090_B1_1,Extent,4241,272.0031834,236.1355543,39.16320283,38.12268059,533.196,B2
J090_B1_1,Extent,2063,139.2598642,122.1474519,21.10209614,20.17182888,276.584,B2
J090_B1_3,Area,3053,84.35843896,82.87339742,44.56027354,46.58164434,219.184,B2
J090_B1_3,Extent,647,42.46171672,40.02499219,19.73406893,19.93424751,104.076,B2
J090_B1_4,Area,25318,225.032158,225.3907718,177.8299209,163.1026311,827.678,B2
J090_B1_4,Area,12662,215.6213963,189.4016895,99.9412448,93.35189529,581.628,B2
J090_B1_4,Extent,2948,191.1212974,169.1892432,21.47247646,20.9075464,384.164,B2
J090_B1_4,Extent,2534,164.6951812,146.7412689,25.49111708,22.68614513,333.26,B2
J090_B1_5,Area,33609,354.9878724,338.0902246,144.3183631,131.8592553,986.212,B2
J090_B1_5,Extent,4070,262.931523,231.2768903,36.06395054,31.54442405,518.864,B2
J090_B1_13,Area,16312,258.6482105,237.118114,108.7417739,95.21505385,632.43,B2
J090_B1_13,Extent,3512,225.5111456,195.6450868,40.38672513,37.15030405,453.386,B2
J090_B1_14,Area,45789,470.3690388,429.6940772,214.0638308,176.7961659,1214.95,B2
J090_B1_14,Extent,7439,457.4024207,386.8397601,86.39324542,93.64389889,915.142,B2
J093_B1_4,Area,23885,268.352249,271.6928413,132.3177808,119.7347632,698.15,B2
J093_B1_4,Extent,2607,173.4814844,153.160047,22.43790165,21.56552193,338.7,B2
J093_B1_5,Area,6429,107.0935499,106.2308806,76.1104865,78.01543415,317.502,B2
J093_B1_5,Area,4220,76.1492109,81.70679286,72,73.31468056,251.362,B2
J093_B1_5,Extent,1563,102.6610826,92.39588735,19.13591843,20.11158436,213.872,B2
J093_B1_5,Extent,1118,73.32825192,67.26812024,19.35790463,19.97072606,161.388,B2
J093_B1_6,Area,7325,172.0814121,156.3713529,71.10716075,62.87521484,423.17,B2
J093_B1_6,Extent,2474,162.3130927,143.7810836,28.59438643,25.46437837,329.82,B2
J093_B1_11,Area,15390,193.1614564,178.0365131,124.5462806,112.2091296,544.202,B2
J093_B1_11,Extent,2772,184.4345097,162.1974106,23.96908032,22.35221571,357.528,B2
J093_B1_12,Area,25269,625.1079764,538.8728978,168.9354727,164.8671092,1350.516,B2
J093_B1_12,Extent,10189,611.6972765,503.358719,133.9670643,145.0187207,1252.478,B2
J093_B1_13,Area,14637,193.4773884,192.8522751,97.50090633,98.4534449,509.284,B2
J093_B1_13,Area,8884,144.0136507,152.1216618,78.89203395,81.47315015,401.59,B2
J093_B1_13,Extent,1634,106.9045893,96.10411021,21.37196705,20.84115257,223.77,B2
J093_B1_13,Extent,1001,65.95186241,60.03332408,19.04653662,19.97343874,148.152,B2
J096_B1_1,Area,5731,99.59105329,96.38464608,71.27705753,74.20671613,296.228,B2
J096_B1_1,Area,10600,133.6160922,137.1021517,103.2375901,103.9901118,410.622,B2
J096_B1_1,Area,19216,172.9485634,181.2181006,139.8889721,145.44026,539.998,B2
J096_B1_1,Extent,1177,77.28768414,70.21395873,18.81810802,19.98715287,170.598,B2
J096_B1_1,Extent,1879,123.7945262,108.5771615,24.89135253,22.50341773,253.234,B2
J096_B1_1,Extent,1018,68.33392847,62.39390996,17.48680175,19.37773487,148.42,B2
J096_B1_3,Area,2896,76.48012962,76.84399781,55,52.27967084,225.91,B2
J096_B1_3,Area,2607,73.68061236,73.75635566,45.99592054,46.9456424,204.152,B2
J096_B1_3,Area,1402,49.78771555,49.39635614,36.9533723,36.48505583,143.77,B2
J096_B1_3,Extent,805,52.86577009,49.24428901,19.77684493,20.0005483,123.732,B2
J096_B1_3,Extent,1120,73.47811258,67.26812024,19.28257117,19.97720546,161.388,B2
J096_B1_3,Extent,631,42.68114682,39.40812099,17.67766953,19.16134446,103.528,B2
J096_B1_4,Area,15991,265.0764193,241.8098426,92.79018934,83.41284256,613.182,B2
J096_B1_4,Extent,4220,267.5863211,236.2117694,35.07454685,30.41240655,529.832,B2
J096_B1_5,Area,48274,390.9880469,380.2959374,186.4445195,172.9767863,1025.142,B2
J096_B1_5,Extent,5294,342.6272544,297.3297832,42.2106384,37.897139,667.168,B2
J096_B1_6,Area,6286,121.4394408,117.686023,69.80190999,68.97541102,331.03,B2
J096_B1_6,Area,2304,71.00299946,68.81860214,41.22987314,42.15875852,191.362,B2
J096_B1_6,Extent,1480,97.05981395,86.92525525,22.41010866,21.25093021,207.948,B2
J096_B1_6,Extent,634,42.85999696,39.40812099,17.67983231,19.22673463,102.942,B2
J096_B1_7,Area,18890,301.1001559,278.5677655,103.6772205,95.84682614,695.87,B2
J096_B1_7,Area,9847,144.2411577,150.3329638,90.15480656,87.97874222,402.062,B2
J096_B1_7,Extent,4520,285.3495085,247.2569514,50.49489613,47.19294011,560.202,B2
J096_B1_7,Extent,1291,84.96432939,77.27871635,20.67297909,20.38374982,182.216,B2
J096_B1_8,Area,14884,240.4681453,221.846794,105.1961244,94.80670531,604.85,B2
J096_B1_8,Area,35362,364.298438,335.7156535,155.7736218,140.8555963,903.818,B2
J096_B1_8,Extent,3150,206.8588145,182.2223916,24.63659689,22.47838882,405.564,B2
J096_B1_8,Extent,4986,319.5817505,273.6603735,49.80240417,48.81313189,626.24,B2
J096_B1_9,Area,24006,288.4504068,278.7920372,147.3045445,128.343579,850.544,B2
J096_B1_9,Extent,2782,181.7531095,159.9062225,26.23101451,24.28754527,359.972,B2
J096_B1_10,Area,2844,69.08977809,68.60029154,53.21189358,53.85802394,206.394,B2
J096_B1_10,Area,26966,255.5544466,247,164.8785883,146.5810908,716.302,B2
J096_B1_10,Area,5697,123.7700704,123.5556555,58.77080469,60.85011715,318.89,B2
J096_B1_10,Extent,886,57.37111891,52.92447449,20.02218789,20.45094327,133.184,B2
J096_B1_10,Extent,3359,219.0850452,192.2004162,33.67057552,29.32596273,433.08,B2
J096_B1_10,Extent,1000,65.08833371,59.9082632,20.46525946,20.44890414,147.044,B2
J102_B1_1,Area,30968,387.6781252,349.755629,141,130.6247948,917.486,B2
J102_B1_1,Extent,5301,333.7679631,286.1118662,59.44114081,60.17542128,665.73,B2
J102_B1_3,Area,66529,533.4651479,498.6581996,243.7712693,213.4755188,1525.038,B2
J102_B1_3,Extent,8074,491.8975307,420.0809446,89.68663784,95.1286521,986.39,B2
J102_B1_4,Area,56988,473.573662,446.4134855,224.7590003,184.3368393,1237.842,B2
J102_B1_4,Extent,6347,396.6976243,342.0774766,79.49364678,83.12879955,792.494,B2
J102_B1_5,Area,41515,517.2182848,444.6391796,166.4810035,143.5155978,1345.498,B2
J102_B1_5,Area,12908,188.0007954,192.0104164,88.53690658,87.66523569,476.036,B2
J102_B1_5,Extent,7212,456.1354358,396.5614706,68.28204008,70.49165497,886.328,B2
J102_B1_5,Extent,1270,82.68631516,75.18643495,19.55814296,20.24350113,179.528,B2
J102_B1_6,Area,37326,399.7716555,368.2784273,155.867965,134.9590674,969.78,B2
J102_B1_6,Extent,4941,320.8719607,278.3415168,44.75895491,40.43131175,619.132,B2
J102_B1_7,Area,6625,143.4631218,136.0147051,55.55383519,59.45367201,342.622,B2
J102_B1_7,Area,16313,222.9542927,218.7898535,134.1701636,117.8548337,648.366,B2
J102_B1_7,Extent,2426,160.1808493,141.3647764,25.03400166,22.37617172,324.304,B2
J102_B1_7,Extent,3569,228.748568,202.4845673,30.90551456,25.87371359,456.584,B2
J102_B1_8,Area,9967,169.2353849,165.6411785,80.04733894,80.86007222,438.546,B2
J102_B1_8,Extent,2543,165.2718092,146.3215637,26.53875341,23.69430446,336.89,B2
J102_B1_9,Area,61309,537.5257785,520.8617859,204.9387518,167.9575732,1307.154,B2
J102_B1_9,Area,5867,115.4924645,121.6059209,67.5990206,65.36619607,312.712,B2
J102_B1_9,Area,10607,243.3261192,219.7544084,62.64852273,58.90097565,532.57,B2
J102_B1_9,Extent,6075,382.6761856,331.0589071,61.46039986,60.1548515,751.232,B2
J102_B1_9,Extent,922,61.89352384,56.56854249,19.50272893,19.75625968,137.248,B2
J102_B1_9,Extent,3297,208.7353959,183.6736236,29.44570732,25.66950461,412.94,B2
J102_B1_10,Area,20614,390.8992397,347.4622282,109.8284794,88.41880151,857.958,B2
J102_B1_10,Area,18066,202.3335363,197.9141228,119.7330936,116.9612569,548.176,B2
J102_B1_10,Extent,2968,193.4714817,170.8478856,27.38788257,24.38863489,389.03,B2
J102_B1_10,Extent,5558,356.3929461,309.1294227,55.6543062,53.79072786,698.226,B2
J106_B1_1,Area,17876,211.4913647,204.7071078,119.4775011,113.4615341,563.284,B2
J106_B1_1,Extent,2815,181.4413294,160.1124605,31.30742546,27.72742032,366.164,B2
J106_B1_2,Area,31737,343.6326769,328.3854443,148.4060787,134.9415108,979.944,B2
J106_B1_2,Area_C,4989,321.0528741,278.8906596,49.52495267,46.65595315,636.2,B2
J106_B1_3,Area,68455,482.0252243,490.8818595,259.9867371,221.3446573,1347.408,B2
J106_B1_3,Extent,5345,336.4069069,291.4961406,61.92787831,62.89514599,670.214,B2
J106_B1_4,Area,37972,427.6022429,410.9038817,141.7246574,125.7011797,1020.874,B2
J106_B1_4,Extent,37972,427.6022429,410.9038817,141.7246574,125.7011797,1020.874,B2
J106_B1_5,Area,17334,249.587639,249.3030285,107.6818844,96.92564633,630.342,B2
J106_B1_5,Extent,3448,225.418732,196.3670033,31.27180303,27.88973794,437.12,B2
J106_B1_6,Area,23171,349.5964512,317.0425839,134.3832703,110.1397188,938.022,B2
J106_B1_6,Area,41339,342.5055307,353.2364647,240.5452422,213.5415645,1111.206,B2
J106_B1_6,Extent,5043,326.7289686,284.6752536,49.89031099,44.24236466,638.214,B2
J106_B1_6,Extent,5008,316.8543654,273.2471409,52.67215115,49.21726428,626.622,B2
J106_B1_7,Area,35657,310.2795402,303.726851,171.2747958,155.3248495,856.136,B2
J106_B1_7,Extent,4025,261.3873366,228.0438554,25.78516359,23.12779306,505.678,B2
J106_B1_8,Area,41329,455.6661236,420.9322986,149.646646,133.7905494,1089.384,B2
J106_B1_8,Extent,5804,372.2148386,320.1562119,52.02284638,47.58919123,719.896,B2
J106_B1_9,Area,21823,219.5779534,220.4926303,138.8812472,132.1511795,621.742,B2
J106_B1_9,Extent,2563,168.3117389,147.8005413,23.88488085,21.86999005,334.864,B2
J120_B1_4,Area,37949,558.2386144,482.1970552,167.4565909,137.3784865,1257.676,B2
J120_B1_4,Extent,7748,482.9302137,401.9564653,98.5531199,100.3674097,958.748,B2
J120_B1_7,Area,6936,146.7362999,142.0211252,62.2756335,62.7091036,363.158,B2
J120_B1_7,Extent,2034,133.2050578,119.2392553,21.76812761,20.97966068,271.668,B2
J120_B1_13,Area,140977,761.069212,734.0633488,339.2316898,286.3900733,2294.296,B2
J120_B1_13,Area,9361,177.6593083,160.3121954,85.72309901,77.85387839,446.266,B2
J120_B1_13,Extent,6101,390.0248883,337.4092471,64.78449061,63.64785247,757.182,B2
J120_B1_13,Extent,2343,155.8089685,138.9244399,20.84740942,20.37548924,307.872,B2
J120_B1_14,Area,2439,70.90508545,68.47627326,43.13351365,44.94658709,197.362,B2
J120_B1_14,Area,40814,557.0536412,557.5598623,211.5365508,198.7911929,1460.72,B2
J120_B1_14,Extent,565,37.89985303,35.22782991,17.6,19.24615886,95.044,B2
J120_B1_14,Extent,9639,588.4008198,486.9630376,122.555444,133.1801742,1183.638,B2
J120_B1_16,Area,54716,614.5023156,583.2117969,286.7640433,231.9395803,1760.948,B2
J120_B1_16,Extent,8876,543.5620817,457.2198596,118.9509619,127.8977583,1100.772,B2
J120_B1_17,Area,21419,333.1720059,314.2292157,107.913484,95.25537469,823.512,B2
J120_B1_17,Area,30980,338.5655958,328.2499048,144.8000865,133.9022577,859.97,B2
J120_B1_17,Extent,4921,314.1842259,273.7151804,48.99133293,45.98881546,620.71,B2
J120_B1_17,Extent,5526,348.1239976,304.9262206,52.21901857,48.65631639,684.786,B2
J120_B1_20,Area,33082,277.9276586,290.4083332,163.4838924,158.8626164,791.206,B2
J120_B1_20,Area,24683,254.5271196,234.3608329,138.9523992,133.5803742,736.824,B2
J120_B1_20,Extent,2466,162.5905888,144.2497834,20.80319497,20.3484285,329.4,B2
J120_B1_20,Extent,3274,213.6536187,187.6272901,28.40480193,25.06966719,422.8,B2
J120_B1_21,Area,39886,431.3176735,387.3719143,139.9381283,129.0290741,998.85,B2
J120_B1_21,Extent,5720,364.8565347,314.3405796,59.5939616,57.53501851,718.902,B2
J120_B1_25,Area,20375,339.8476631,311.8878003,117.3166516,96.38245616,777.028,B2
J120_B1_25,Extent,4801,308.8387749,270.5198699,47.71389829,43.42954209,611.156,B2
J120_B1_28,Area,24633,277.9970498,259.7556544,160.3760689,151.5425043,886.136,B2
J120_B1_28,Extent,4268,270.4607351,235.4676199,43.07299994,40.90931064,543.424,B2
J126_B1_5,Area,21484,318.6427968,287.210724,112.9267648,98.61575828,756.022,B2
J126_B1_5,Area,6111,135.6605107,134.1827113,62.51094286,62.54921657,352.228,B2
J126_B1_5,Area,2844,82.06966565,81.93289938,44.04100085,45.21451646,216.916,B2
J126_B1_5,Extent,4341,279.0647811,241.8532613,43.39503586,39.69784142,553.946,B2
J126_B1_5,Extent,1830,120.0920041,107.8702925,23.87545962,22.03243038,247.184,B2
J126_B1_5,Extent,722,48.31158083,44.20407221,18.30164924,19.53234967,114.598,B2
J126_B1_6,Area,9683,149.65507,141.6615685,82,83.89748252,401.26,B2
J126_B1_6,Area,2894,78.7777425,77.07788269,46.2564223,48.15089927,215.4,B2
J126_B1_6,Area,9143,193.1919817,185.148589,73.90357268,70.48963296,483.858,B2
J126_B1_6,Extent,1916,129.5652183,115.2128465,18.71270198,19.66477996,254.42,B2
J126_B1_6,Extent,1059,70.29562587,63.41135545,19.36520273,20.03967048,154.534,B2
J126_B1_6,Extent,2822,179.9723405,159.4772711,36.14148817,32.57548331,365.744,B2
J126_B1_11,Area,18276,381.4225186,339.0943821,77.57906549,69.00313071,804.888,B2
J126_B1_11,Extent,5421,352.4757065,306.2286727,37.24226499,29.33435297,686.57,B2
J126_B1_12,Area,6974,106.0914212,113.6001761,85.55992052,90.46011461,391.896,B2
J126_B1_12,Extent,1193,75.22627249,67.67569726,24.64449941,23.12490933,170.98,B2
J126_B1_16,Area,8804,171.7729894,159.0220111,67.01269441,70.41846506,424.432,B2
J126_B1_16,Area,4605,95.93214946,100.895986,72.51939002,67.94774395,288.712,B2
J126_B1_16,Area,14738,193.1514279,199.379036,102,98.6526978,507.514,B2
J126_B1_16,Extent,2597,171.9253962,152.3285922,22.60797612,21.35132491,337.528,B2
J126_B1_16,Extent,1087,70.19938975,63.63175308,21.04893671,20.96612222,161.636,B2
J126_B1_16,Extent,32,8.137578052,7.211102551,4.714951668,5.221624162,24.312,B2
J126_B1_16,Extent,122,17.93404533,16.4924225,10,10.15873256,56.28,B2
J126_B1_16,Extent,17,7.690929155,6.708203932,2.236067977,2.838117225,16.898,B2
J126_B1_16,Extent,86,17.47189954,16.1245155,5.813776741,6.463346173,40.624,B2
J126_B1_16,Extent,2562,164.1280479,146.9965986,26.55175805,23.21055963,334.776,B2
J126_B1_16,Extent,45,8.189524741,7.615773106,6,7.152687243,23.554,B2
J126_B1_16,Extent,32,8.486631956,7.615773106,4,4.861804621,21.312,B2
J126_B1_16,Extent,24,10.79345405,9.486832981,3.111269837,3.322439438,23.14,B2
J126_B1_20,Area,30194,272.3851397,261.6046636,141.1676629,145.6423573,725.144,B2
J126_B1_20,Extent,3203,210.142516,185.7848218,26.16597969,23.40420298,416.712,B2
J126_B1_21,Area,16085,311.5735223,293.4927597,99.24118287,84.36302902,745.666,B2
J126_B1_21,Area,3200,80.10801532,78.39005039,51.04310802,51.55831239,221.222,B2
J126_B1_21,Area,3090,67.40431289,70.40596566,60.03710544,60.9185631,218.19,B2
J126_B1_21,Extent,4836,313.4101655,273.162955,42.91283084,37.91533407,613.424,B2
J126_B1_21,Extent,984,64.29349211,59.13543777,21.2515615,20.81315364,146.942,B2
J126_B1_21,Extent,1048,67.19257201,61.40032573,22.89588369,22.00925196,152.738,B2
J126_B1_25,Area,10245,201.9829738,196.2549362,72.21185275,68.48909095,481.03,B2
J126_B1_25,Extent,2936,192.3015519,170.6282509,24.48650775,21.5839188,381.604,B2
J128_B1_1,Area,18992,215.9122474,200.3821349,115.2584053,118.1360189,588.544,B2
J128_B1_1,Extent,2945,193.6622137,169.3310367,30.92318576,26.50656727,384.8,B2
J128_B1_2,Area,8610,153.1003164,152.7514321,82.18796178,76.81094959,426.864,B2
J128_B1_2,Extent,2190,143.8551359,127.800626,23.33045487,21.78625756,291.17,B2
J128_B1_3,Area,13071,165.0648825,155.7690598,103.4750058,103.2534594,468.724,B2
J128_B1_3,Area,19364,385.9017714,356.4393357,88.33492198,79.36346383,834.558,B2
J128_B1_3,Extent,2100,136.4106526,121.8400591,20.43273632,20.44428723,282.228,B2
J128_B1_3,Extent,6516,418.693799,362.0635303,63.57239959,60.67105299,811.73,B2
J128_B1_4,Area,25306,459.7130139,392.4601891,129.1773231,106.90687,1127.982,B2
J128_B1_4,Extent,16,6.279298888,5.099019514,2,3.249371966,16.656,B2
J128_B1_4,Extent,5,3.18564071,2.236067977,1,1.879382246,7.828,B2
J128_B1_4,Extent,13,4.402870669,3.605551275,2.828427125,3.765266182,12.484,B2
J128_B1_4,Extent,6857,435.1529751,377.446685,73.16307151,72.96926463,854.034,B2
J128_B1_5,Area,42806,423.6911523,403.7672597,210.1490713,175.8393053,1102.238,B2
J128_B1_5,Extent,6778,407.5754599,347.942524,85.01452815,89.21919861,833.372,B2
J128_B1_6,Area,6146,152.652837,138.9244399,61.14446268,57.00879501,379.578,B2
J128_B1_6,Area,40979,529.148587,486.5655146,172.2648711,140.9590622,1255.524,B2
J128_B1_6,Extent,2257,145.9062129,130,30.18716253,26.58741196,297.12,B2
J128_B1_6,Extent,7090,435.048413,364.7903507,85.36863785,90.39413114,870.06,B2
J128_B1_7,Area,33129,484.1793625,428.1728623,171.9186977,138.4687371,1129.652,B2
J128_B1_7,Extent,7371,456.6751242,388.3297568,93.91962458,95.41573849,909.398,B2
J128_B1_8,Area,14709,255.7778585,234.0875904,95.73996023,82.71441691,616.876,B2
J128_B1_8,Extent,3696,238.2318871,208.3314667,38.90764364,34.4013282,476.838,B2
J128_B1_9,Area,13089,224.9858506,202.7658748,80.20617418,78.2608116,537.742,B2
J128_B1_9,Area,18225,223.9733489,225.9424706,117.5286089,111.3615138,590.15,B2
J128_B1_9,Extent,3093,204.0203608,177.8819833,30.17241566,26.15308388,401.526,B2
J128_B1_9,Extent,3180,211.385462,184.3908891,29.73028179,26.36154049,415.666,B2
J128_B1_10,Area,19061,284.3050215,254.125953,99.42976401,92.56778374,664.264,B2
J128_B1_10,Extent,3490,225.5170181,197.0913494,36.84652787,32.99944216,448.316,B2
J132_B1_1,Area,6347,106.3225005,108.9082182,76.12890224,77.99711046,318.852,B2
J132_B1_1,Area,23165,313.0334837,286.1782661,117.4645341,105.3857841,770.774,B2
J132_B1_1,Extent,1742,114.2175299,101.2126474,23.37810742,21.93159895,240.228,B2
J132_B1_1,Extent,4227,272.4593302,238.6503719,39.19317438,35.42808633,536.762,B2
J132_B1_3,Area,11444,193.3119352,195.3586445,93.99831757,85.94160497,520.112,B2
J132_B1_3,Extent,2668,174.4332061,153.0032679,28.28391807,24.59351915,345.934,B2
J132_B1_4,Area,3909,90.40031755,89.55445271,54,56.62044982,246.7,B2
J132_B1_4,Area,6054,125.3681255,119.0965994,61.09663963,64.25549174,333.17,B2
J132_B1_4,Extent,813,54.68426138,50.35871325,18,19.36762448,123.592,B2
J132_B1_4,Extent,558,36.66750265,34.92849839,19.88792125,19.83775709,93.248,B2
J132_B1_6,Area,62520,563.5259763,519.0857347,198.7628008,171.7894965,1317.332,B2
J132_B1_6,Area,11596,200.7367882,191.8019812,89.57513684,80.71088882,495.87,B2
J132_B1_6,Extent,2785,179.2022256,156.8183663,33.26501128,29.80322438,364.38,B2
J132_B1_6,Extent,7531,470.7026123,400.0312488,92.31018465,99.29236658,945.588,B2
J132_B1_7,Area,33602,290.2049684,278.0017986,155.1644772,154.1577363,784.454,B2
J132_B1_7,Area,6033,96.6400294,100.6479011,79.36196915,83.87049836,313.018,B2
J132_B1_7,Area,7493,176.889913,160.7513608,59.76063195,58.76571943,409.144,B2
J132_B1_7,Extent,4051,267.909216,233.5294414,36.25067874,31.44423897,520.812,B2
J132_B1_7,Extent,1639,107.2856694,96.88137076,21.58458055,20.62847034,224.356,B2
J132_B1_7,Extent,2331,155.5870905,137,23.0016584,21.54299938,308.036,B2
J132_B1_8,Area,3491,80.38466455,82.41965785,54.7749406,56.00852419,230.432,B2
J132_B1_8,Area,2792,71.55253837,71.69379332,46.88331351,50.92545004,206.216,B2
J132_B1_8,Extent,675,44.7038621,41.76122604,18.97366596,19.68177612,109.146,B2
J132_B1_8,Extent,1048,69.87621922,63.95310782,18.60408557,19.58812327,153.732,B2
J132_B1_9,Area,2251,56.71623217,58.1893461,48.92026055,51.72045363,182.152,B2
J132_B1_9,Area,5565,100.3970075,99.2975327,69.29646456,71.10034817,286.126,B2
J132_B1_9,Area,15389,165.6665986,177.7245059,127.1537034,124.6441434,518.456,B2
J132_B1_9,Extent,672,44.71628154,41.34005322,18.40580539,19.51219916,108.114,B2
J132_B1_9,Extent,1464,96.51095253,86.21484791,20.25868969,20.35719043,202.712,B2
J132_B1_9,Extent,1556,102.7183073,91.67878708,18.72034528,19.95654246,211.094,B2
J132_B1_10,Area,45831,492.8901544,442.8859898,152.6552711,138.7214487,1129.142,B2
J132_B1_10,Extent,6636,419.3011425,362.6403177,68.06643365,67.34296827,820.328,B2
