BottleChemistry,BottleID,DateFilter,DateFixed,JarATCorr,JarATRaw,JarATRecal,JarCalcpH,JarDICCorr,JarDICFromAT,JarDICRaw,JarID,JarOmegaArg,JarOmegaCalcite,JarpCO2,JarpH,JarTemp,LarvaeWCNotes,mV1,mV2,mV3,pHBatch,Recalculated,TimeFilter,TimeFixed,TubeID
F,NA,20180712,NA,,,,,,,,J001_B1,,,,7.691428571,0,filter early for practice,-74,-77,-76,1_B1,NA,14:30:00,NA,J001_B1
F,NA,20180712,20180712,,,,,,,,J002_B1,,,,7.005714286,19.6,"filter early for practice, brett took sample out and weren't any larvae in sample",-36,-36,-35,1_B1,NA,14:30:00,16:39:00,J002_B1
F,NA,20180713,20180713,,,,,,,,J003_B1,,,,6.977186312,0,,-33,-34,-34,2_B1,NA,08:22:00,17:03:00,J003_B1
F,NA,20180713,20180713,,,,,,,,J004_B1,,,,7.627376426,0,,-71,-72,-72,2_B1,NA,08:26:00,17:03:00,J004_B1
F,NA,20180713,20180713,,,,,,,,J005_B1,,,,6.931558935,0,,-31,-31,-31,2_B1,NA,08:24:00,17:03:00,J005_B1
F,NA,20180713,20180713,,,,,,,,J006_B1,,,,7.621673004,0,,-72,-71,-71,2_B1,NA,08:27:00,17:03:00,J006_B1
F,NA,20180713,20180713,,,,,,,,J007_B1,,,,6.942965779,0,,-32,-32,-31,2_B1,NA,08:25:00,17:03:00,J007_B1
F,NA,20180713,20180713,,,,,,,,J008_B1,,,,7.598859316,0,,-70,-70,-70,2_B1,NA,08:28:00,17:03:00,J008_B1
F,NA,20180713,20180713,,,,,,,,J009_B1,,,,6.937262357,0,,-32,-31,-31,2_B1,NA,08:38:00,17:03:00,J009_B1
F,NA,20180713,20180713,,,,,,,,J010_B1,,,,7.598859316,0,,-70,-70,-70,2_B1,NA,08:33:00,17:03:00,J010_B1
F,NA,20180713,20180713,,,,,,,,J011_B1,,,,7.621673004,0,,-72,-71,-71,2_B1,NA,08:35:00,17:03:00,J011_B1
F,NA,20180713,20180713,,,,,,,,J012_B1,,,,6.954372624,0,,-33,-32,-32,2_B1,NA,08:45:00,17:03:00,J012_B1
F,NA,20180713,20180713,,,,,,,,J013_B1,,,,7.621673004,0,,-71,-71,-72,2_B1,NA,08:35:00,17:03:00,J013_B1
F,NA,20180713,20180713,,,,,,,,J014_B1,,,,6.960076046,0,,-34,-32,-32,2_B1,NA,08:41:00,17:03:00,J014_B1
F,NA,20180713,20180713,,,,,,,,J015_B1,,,,7.621673004,0,,-72,-71,-71,2_B1,NA,08:50:00,17:03:00,J015_B1
F,NA,20180713,20180713,,,,,,,,J016_B1,,,,7.005703422,0,,-36,-35,-35,2_B1,NA,08:55:00,17:03:00,J016_B1
F,NA,20180713,20180713,,,,,,,,J017_B1,,,,6.977186312,0,,-34,-34,-33,2_B1,NA,09:08:00,17:03:00,J017_B1
F,NA,20180713,20180713,,,,,,,,J018_B1,,,,6.982889734,0,,-33,-35,-34,2_B1,NA,08:58:00,17:03:00,J018_B1
F,NA,20180713,20180713,,,,,,,,J019_B1,,,,7.615969582,0,,-71,-71,-71,2_B1,NA,08:53:00,17:03:00,J019_B1
F,NA,20180713,20180713,,,,,,,,J020_B1,,,,7.621673004,0,,-72,-71,-71,2_B1,NA,08:57:00,17:03:00,J020_B1
F,NA,20180713,20180713,,,,,,,,J021_B1,,,,6.948669202,0,,-32,-32,-32,2_B1,NA,09:05:00,17:03:00,J021_B1
F,NA,20180713,20180713,,,,,,,,J022_B1,,,,6.960076046,0,,-33,-33,-32,2_B1,NA,09:12:00,17:03:00,J022_B1
F,NA,20180713,20180713,,,,,,,,J023_B1,,,,7.61026616,0,,-71,-70,-71,2_B1,NA,08:55:00,17:03:00,J023_B1
F,NA,20180713,20180713,,,,,,,,J024_B1,,,,7.587452471,0,,-70,-69,-69,2_B1,NA,08:59:00,17:03:00,J024_B1
F,NA,20180713,20180713,,,,,,,,J025_B1,,,,7.017110266,0,,-36,-36,-36,2_B1,NA,09:13:00,17:03:00,J025_B1
F,NA,20180713,20180713,,,,,,,,J026_B1,,,,7.627376426,0,,-73,-71,-71,2_B1,NA,09:11:00,17:08:00,J026_B1
F,NA,20180713,20180713,,,,,,,,J027_B1,,,,6.988593156,0,,-35,-35,-33,2_B1,NA,09:14:00,17:08:00,J027_B1
F,NA,20180713,20180713,,,,,,,,J028_B1,,,,7,0,,-36,-35,-34,2_B1,NA,09:24:00,17:08:00,J028_B1
F,NA,20180713,20180713,,,,,,,,J029_B1,,,,7.63878327,0,,-73,-72,-72,2_B1,NA,09:10:00,17:08:00,J029_B1
F,NA,20180713,20180713,,,,,,,,J030_B1,,,,7.011406844,0,,-36,-35,-36,2_B1,NA,09:26:00,17:08:00,J030_B1
F,NA,20180713,20180713,,,,,,,,J031_B1,,,,,0,,0,0,0,,NA,NA,17:08:00,J031_B1
F,NA,20180713,20180713,,,,,,,,J032_B1,,,,7.655893536,0,,-75,-72,-73,2_B1,NA,09:14:00,17:08:00,J032_B1
F,NA,20180713,20180713,,,,,,,,J033_B1,,,,6.994296578,0,,-34,-35,-35,2_B1,NA,09:27:00,17:08:00,J033_B1
F,NA,20180713,20180713,,,,,,,,J034_B1,,,,7.650190114,0,,-73,-73,-73,2_B1,NA,09:20:00,17:08:00,J034_B1
F,NA,20180713,20180713,,,,,,,,J035_B1,,,,7.63878327,0,,-73,-72,-72,2_B1,NA,09:21:00,17:08:00,J035_B1
F,NA,20180713,20180713,,,,,,,,J036_B1,,,,7.02851711,0,,-37,-37,-36,2_B1,NA,09:31:00,17:08:00,J036_B1
T,L18_L_20180713_B1_J037,20180713,20180713,,,,,,,,J037_B1,,,,7.621673004,19.1,,-71,-72,-71,2_B1,F,09:24:00,17:08:00,J037_B1
F,NA,20180713,20180713,,,,,,,,J038_B1,,,,6.994296578,0,,-34,-35,-35,2_B1,NA,09:38:00,17:08:00,J038_B1
F,NA,20180713,20180713,,,,,,,,J039_B1,,,,7.63878327,0,,-72,-73,-72,2_B1,NA,09:29:00,17:08:00,J039_B1
F,NA,20180713,20180713,,,,,,,,J040_B1,,,,7.02851711,0,,-37,-37,-36,2_B1,NA,09:36:00,17:08:00,J040_B1
F,NA,20180713,20180713,,,,,,,,J041_B1,,,,6.960076046,0,,-33,-32,-33,2_B1,NA,09:43:00,17:08:00,J041_B1
F,NA,20180713,20180713,,,,,,,,J042_B1,,,,6.954372624,0,,-32,-33,-32,2_B1,NA,09:49:00,17:08:00,J042_B1
T,L18_L_20180713_B1_J043,20180713,20180713,,,,,,,,J043_B1,,,,7.621673004,0,,-71,-72,-71,2_B1,F,09:31:00,17:08:00,J043_B1
F,NA,20180713,20180713,,,,,,,,J044_B1,,,,6.97148289,0,,-33,-34,-33,2_B1,NA,09:53:00,17:08:00,J044_B1
F,NA,20180713,20180713,,,,,,,,J045_B1,,,,7.627376426,0,,-72,-72,-71,2_B1,NA,09:28:00,17:08:00,J045_B1
F,NA,20180713,20180713,,,,,,,,J046_B1,,,,7.005703422,0,,-36,-35,-35,2_B1,NA,09:54:00,17:08:00,J046_B1
F,NA,20180713,20180713,,,,,,,,J047_B1,,,,,0,,0,0,0,,NA,NA,17:08:00,J047_B1
F,NA,20180713,20180713,,,,,,,,J048_B1,,,,,0,,0,0,0,,NA,NA,17:08:00,J048_B1
F,NA,20180713,20180713,,,,,,,,J049_B1,,,,7.017110266,0,,-36,-36,-36,2_B1,NA,09:54:00,17:08:00,J049_B1
F,NA,20180713,20180713,,,,,,,,J050_B1,,,,7.621673004,0,,-72,-71,-71,2_B1,NA,09:41:00,17:08:00,J050_B1
F,NA,20180713,20180713,,,,,,,,J051_B1,,,,7.621673004,0,,-71,-72,-71,2_B1,NA,09:43:00,17:08:00,J051_B1
F,NA,20180713,20180713,,,,,,,,J052_B1,,,,6.948669202,0,,-32,-32,-32,2_B1,NA,10:02:00,17:08:00,J052_B1
F,NA,20180713,20180713,,,,,,,,J053_B1,,,,7.593155894,0,,-71,-69,-69,2_B1,NA,09:44:00,17:08:00,J053_B1
F,NA,20180713,20180713,,,,,,,,J054_B1,,,,6.948669202,0,,-32,-32,-32,2_B1,NA,10:06:00,17:13:00,J054_B1
F,NA,20180713,20180713,,,,,,,,J055_B1,,,,7.61026616,0,,-71,-71,-70,2_B1,NA,09:56:00,17:13:00,J055_B1
F,NA,20180713,20180713,,,,,,,,J056_B1,,,,7.61026616,0,,-72,-70,-70,2_B1,NA,09:49:00,17:13:00,J056_B1
F,NA,20180713,20180713,,,,,,,,J057_B1,,,,6.965779468,0,,-33,-33,-33,2_B1,NA,10:10:00,17:13:00,J057_B1
F,NA,20180713,20180713,,,,,,,,J058_B1,,,,7.627376426,0,,-72,-72,-71,2_B1,NA,09:45:00,17:13:00,J058_B1
F,NA,20180713,20180713,,,,,,,,J059_B1,,,,7.621673004,0,,-72,-71,-71,2_B1,NA,09:58:00,17:13:00,J059_B1
F,NA,20180713,20180713,,,,,,,,J060_B1,,,,6.960076046,0,,-33,-33,-32,2_B1,NA,10:11:00,17:13:00,J060_B1
F,NA,20180713,20180713,,,,,,,,J061_B1,,,,7.604562738,0,,-71,-70,-70,2_B1,NA,09:59:00,17:13:00,J061_B1
F,NA,20180713,20180713,,,,,,,,J062_B1,,,,6.965779468,0,,-33,-33,-33,2_B1,NA,10:18:00,17:13:00,J062_B1
F,NA,20180713,20180713,,,,,,,,J063_B1,,,,7.61026616,0,,-71,-71,-70,2_B1,NA,10:03:00,17:13:00,J063_B1
F,NA,20180713,20180713,,,,,,,,J064_B1,,,,7.650190114,0,,-73,-73,-73,2_B1,NA,10:08:00,17:13:00,J064_B1
F,NA,20180713,20180713,,,,,,,,J065_B1,,,,6.965779468,0,,-33,-33,-33,2_B1,NA,10:18:00,17:13:00,J065_B1
F,NA,20180713,20180713,,,,,,,,J066_B1,,,,6.965779468,0,,-33,-33,-33,2_B1,NA,10:19:00,17:13:00,J066_B1
F,NA,20180713,20180713,,,,,,,,J067_B1,,,,7.650190114,0,,-73,-73,-73,2_B1,NA,10:10:00,17:13:00,J067_B1
F,NA,20180713,20180713,,,,,,,,J068_B1,,,,6.954372624,0,,-33,-32,-32,2_B1,NA,10:25:00,17:13:00,J068_B1
F,NA,20180713,20180713,,,,,,,,J069_B1,,,,7.644486692,0,,-72,-73,-73,2_B1,NA,10:10:00,17:13:00,J069_B1
F,NA,20180713,20180713,,,,,,,,J070_B1,,,,6.960076046,0,,-32,-33,-33,2_B1,NA,10:26:00,17:13:00,J070_B1
F,NA,20180713,20180713,,,,,,,,J071_B1,,,,7.650190114,0,,-73,-73,-73,2_B1,NA,10:11:00,17:13:00,J071_B1
F,NA,20180713,20180713,,,,,,,,J072_B1,,,,6.954372624,0,,-33,-32,-32,2_B1,NA,10:29:00,17:13:00,J072_B1
F,NA,20180713,20180713,,,,,,,,J073_B1,,,,6.948669202,0,,-32,-32,-32,2_B1,NA,10:31:00,17:13:00,J073_B1
F,NA,20180713,20180713,,,,,,,,J074_B1,,,,7.633079848,0,,-72,-72,-72,2_B1,NA,10:16:00,17:13:00,J074_B1
F,NA,20180713,20180713,,,,,,,,J075_B1,,,,,0,,0,0,0,,NA,NA,17:13:00,J075_B1
F,NA,20180713,20180713,,,,,,,,J076_B1,,,,6.948669202,0,,-32,-32,-32,2_B1,NA,10:33:00,17:13:00,J076_B1
F,NA,20180713,20180713,,,,,,,,J077_B1,,,,7.644486692,0,,-72,-73,-73,2_B1,NA,10:18:00,17:13:00,J077_B1
F,NA,20180713,20180713,,,,,,,,J078_B1,,,,6.954372624,0,,-32,-32,-33,2_B1,NA,10:35:00,17:13:00,J078_B1
F,NA,20180713,20180713,,,,,,,,J079_B1,,,,6.965779468,0,,-33,-33,-33,2_B1,NA,10:39:00,17:13:00,J079_B1
F,NA,20180713,20180713,,,,,,,,J080_B1,,,,7.63878327,0,,-73,-72,-72,2_B1,NA,10:18:00,17:20:00,J080_B1
F,NA,20180713,20180713,,,,,,,,J081_B1,,,,6.948669202,0,,-32,-32,-32,2_B1,NA,10:43:00,17:20:00,J081_B1
F,NA,20180713,20180713,,,,,,,,J082_B1,,,,7.63878327,0,,-72,-72,-73,2_B1,NA,10:23:00,17:20:00,J082_B1
T,L18_L_20180713_B1_J083,20180713,20180713,,,,7.024,1384,,,J083_B1,0.13,0.21,3113.5,6.965779468,19.1,,-33,-33,-33,2_B1,T,10:45:00,17:20:00,J083_B1
F,NA,20180713,20180713,,,,,,,,J084_B1,,,,7.621673004,0,,-71,-72,-71,2_B1,NA,10:27:00,17:20:00,J084_B1
F,NA,20180713,20180713,,,,,,,,J085_B1,,,,6.954372624,0,,-32,-32,-33,2_B1,NA,10:50:00,17:20:00,J085_B1
F,NA,20180713,20180713,,,,,,,,J086_B1,,,,7.644486692,0,,-72,-73,-73,2_B1,NA,10:27:00,17:20:00,J086_B1
F,NA,20180713,20180713,,,,,,,,J087_B1,,,,6.965779468,0,,-33,-33,-33,2_B1,NA,10:40:00,17:20:00,J087_B1
F,NA,20180713,20180713,,,,,,,,J088_B1,,,,7.633079848,0,,-72,-72,-72,2_B1,NA,10:45:00,17:20:00,J088_B1
F,NA,20180713,20180713,,,,,,,,J089_B1,,,,7.633079848,0,,-72,-72,-72,2_B1,NA,10:31:00,17:20:00,J089_B1
F,NA,20180713,20180713,,,,,,,,J090_B1,,,,6.965779468,0,,-33,-33,-33,2_B1,NA,10:46:00,17:20:00,J090_B1
F,NA,20180713,20180713,,,,,,,,J091_B1,,,,7.633079848,0,,-72,-72,-72,2_B1,NA,10:33:00,17:20:00,J091_B1
F,NA,20180713,20180713,,,,,,,,J092_B1,,,,7.633079848,0,,-72,-72,-72,2_B1,NA,10:35:00,17:20:00,J092_B1
F,NA,20180713,20180713,,,,,,,,J093_B1,,,,6.948669202,0,,-32,-32,-32,2_B1,NA,10:52:00,17:20:00,J093_B1
F,NA,20180713,20180713,,,,,,,,J094_B1,,,,7.633079848,0,,-72,-72,-72,2_B1,NA,10:37:00,17:20:00,J094_B1
F,NA,20180713,20180713,,,,,,,,J095_B1,,,,7.644486692,0,,-72,-73,-73,2_B1,NA,10:45:00,17:20:00,J095_B1
T,L18_L_20180713_B1_J096,20180713,20180713,,,,7.007,1396,,,J096_B1,0.12,0.2,3252.1,6.948669202,19,,-32,-32,-32,2_B1,T,10:50:00,17:20:00,J096_B1
F,NA,20180713,20180713,,,,,,,,J097_B1,,,,6.954372624,0,,-32,-32,-33,2_B1,NA,11:14:00,17:20:00,J097_B1
F,NA,20180713,20180713,,,,,,,,J098_B1,,,,6.965779468,0,,-33,-33,-33,2_B1,NA,11:15:00,17:20:00,J098_B1
F,NA,20180713,20180713,,,,,,,,J099_B1,,,,7.650190114,0,,-73,-73,-73,2_B1,NA,11:17:00,17:20:00,J099_B1
F,NA,20180713,20180713,,,,,,,,J100_B1,,,,6.954372624,0,,-32,-32,-33,2_B1,NA,11:16:00,17:20:00,J100_B1
F,NA,20180713,20180713,,,,,,,,J101_B1,,,,7.66730038,0,,-74,-74,-74,2_B1,NA,11:20:00,17:20:00,J101_B1
F,NA,20180713,20180713,,,,,,,,J102_B1,,,,6.965779468,0,,-33,-33,-33,2_B1,NA,11:22:00,17:20:00,J102_B1
F,NA,20180713,20180713,,,,,,,,J103_B1,,,,,0,,0,0,0,,NA,NA,17:20:00,J103_B1
F,NA,20180713,20180713,,,,,,,,J104_B1,,,,7.673003802,0,,-74,-74,-75,2_B1,NA,11:21:00,17:20:00,J104_B1
F,NA,20180713,20180713,,,,,,,,J105_B1,,,,6.960076046,0,,-33,-33,-32,2_B1,NA,11:23:00,17:20:00,J105_B1
F,NA,20180713,20180713,,,,,,,,J106_B1,,,,6.965779468,0,,-33,-33,-33,2_B1,NA,11:25:00,17:25:00,J106_B1
F,NA,20180713,20180713,,,,,,,,J107_B1,,,,7.650190114,0,,-73,-73,-73,2_B1,NA,11:25:00,17:25:00,J107_B1
F,NA,20180713,20180713,,,,,,,,J108_B1,,,,6.965779468,0,,-33,-33,-33,2_B1,NA,11:28:00,17:25:00,J108_B1
F,NA,20180713,20180713,,,,,,,,J109_B1,,,,7.684410646,0,,-75,-75,-75,2_B1,NA,11:25:00,17:25:00,J109_B1
F,NA,20180713,20180713,,,,,,,,J110_B1,,,,6.97148289,0,,-34,-33,-33,2_B1,NA,11:33:00,17:25:00,J110_B1
F,NA,20180713,20180713,,,,,,,,J111_B1,,,,7.66730038,0,,-74,-74,-74,2_B1,NA,11:26:00,17:25:00,J111_B1
F,NA,20180713,20180713,,,,,,,,J112_B1,,,,6.965779468,0,,-33,-33,-33,2_B1,NA,11:30:00,17:25:00,J112_B1
F,NA,20180713,20180713,,,,,,,,J113_B1,,,,7.66730038,0,,-74,-74,-74,2_B1,NA,11:30:00,17:25:00,J113_B1
F,NA,20180713,20180713,,,,,,,,J114_B1,,,,6.954372624,0,,-32,-32,-33,2_B1,NA,11:33:00,17:25:00,J114_B1
F,NA,20180713,20180713,,,,,,,,J115_B1,,,,7.66730038,0,,-74,-74,-74,2_B1,NA,11:32:00,17:25:00,J115_B1
F,NA,20180713,20180713,,,,,,,,J116_B1,,,,6.948669202,0,,-32,-32,-32,2_B1,NA,11:35:00,17:25:00,J116_B1
F,NA,20180713,20180713,,,,,,,,J117_B1,,,,7.66730038,0,,-74,-74,-74,2_B1,NA,11:32:00,17:25:00,J117_B1
F,NA,20180713,20180713,,,,,,,,J118_B1,,,,6.948669202,0,,-32,-32,-32,2_B1,NA,11:40:00,17:25:00,J118_B1
F,NA,20180713,20180713,,,,,,,,J119_B1,,,,7.66730038,0,,-74,-74,-74,2_B1,NA,11:34:00,17:25:00,J119_B1
F,NA,20180713,20180713,,,,,,,,J120_B1,,,,6.982889734,0,,-34,-34,-34,2_B1,NA,11:40:00,17:25:00,J120_B1
F,NA,20180713,20180713,,,,,,,,J121_B1,,,,7,0,,-35,-35,-35,2_B1,NA,11:38:00,17:25:00,J121_B1
F,NA,20180713,20180713,,,,,,,,J122_B1,,,,6.965779468,0,,-33,-33,-33,2_B1,NA,11:41:00,17:25:00,J122_B1
F,NA,20180713,20180713,,,,,,,,J123_B1,,,,7.684410646,0,,-75,-75,-75,2_B1,NA,11:38:00,17:25:00,J123_B1
F,NA,20180713,20180713,,,,,,,,J124_B1,,,,6.965779468,0,,-33,-33,-33,2_B1,NA,11:46:00,17:25:00,J124_B1
F,NA,20180713,20180713,,,,,,,,J125_B1,,,,7.684410646,0,,-75,-75,-75,2_B1,NA,11:40:00,17:25:00,J125_B1
F,NA,20180713,20180713,,,,,,,,J126_B1,,,,6.97148289,0,,-33,-34,-33,2_B1,NA,11:48:00,17:25:00,J126_B1
F,NA,20180713,20180713,,,,,,,,J127_B1,,,,6.965779468,0,,-33,-32,-34,2_B1,NA,11:50:00,17:25:00,J127_B1
F,NA,20180713,20180713,,,,,,,,J128_B1,,,,6.988593156,0,,-34,-34,-35,2_B1,NA,11:45:00,17:25:00,J128_B1
F,NA,20180713,20180713,,,,,,,,J129_B1,,,,7.684410646,0,,-75,-75,-75,2_B1,NA,11:44:00,17:25:00,J129_B1
F,NA,20180713,20180713,,,,,,,,J130_B1,,,,7.66730038,0,,-74,-74,-74,2_B1,NA,11:45:00,17:30:00,J130_B1
F,NA,20180713,20180713,,,,,,,,J131_B1,,,,7.673003802,0,,-74,-75,-74,2_B1,NA,11:46:00,17:30:00,J131_B1
F,NA,20180713,20180713,,,,,,,,J132_B1,,,,6.977055449,0,,-34,-33,-34,3_B1,NA,11:51:00,17:30:00,J132_B1
F,NA,20180713,20180713,,,,,,,,J133_B1,,,,7.701520913,0,,-76,-76,-76,2_B1,NA,11:48:00,17:30:00,J133_B1
F,NA,20180713,20180713,,,,,,,,J134_B1,,,,6.977055449,0,,-33,-34,-34,3_B1,NA,11:53:00,17:30:00,J134_B1
F,NA,20180713,20180713,,,,,,,,J135_B1,,,,7.701520913,0,,-76,-76,-76,2_B1,NA,11:50:00,17:30:00,J135_B1
F,NA,20180713,20180713,,,,,,,,J136_B1,,,,6.977055449,0,,-34,-33,-34,3_B1,NA,11:55:00,17:30:00,J136_B1
F,NA,20180713,20180713,,,,,,,,J137_B1,,,,7.694072658,0,,-75,-75,-76,3_B1,NA,11:54:00,17:30:00,J137_B1
F,NA,20180713,20180713,,,,,,,,J138_B1,,,,6.982791587,0,,-34,-34,-34,3_B1,NA,11:56:00,17:30:00,J138_B1
F,NA,20180713,20180713,,,,,,,,J139_B1,,,,7.68833652,0,,-75,-75,-75,3_B1,NA,11:54:00,17:30:00,J139_B1
F,NA,20180713,20180713,,,,,,,,J140_B1,,,,6.982791587,0,,-34,-34,-34,3_B1,NA,12:01:00,17:30:00,J140_B1
F,NA,20180713,20180713,,,,,,,,J141_B1,,,,7.68833652,0,,-75,-75,-75,3_B1,NA,11:55:00,17:30:00,J141_B1
F,NA,20180713,20180713,,,,,,,,J142_B1,,,,6.982791587,0,,-34,-34,-34,3_B1,NA,12:02:00,17:30:00,J142_B1
F,NA,20180713,20180713,,,,,,,,J143_B1,,,,7.676864245,0,,-74,-74,-75,3_B1,NA,11:59:00,17:30:00,J143_B1
F,NA,20180713,20180713,,,,,,,,J144_B1,,,,7.68833652,0,,-75,-75,-75,3_B1,NA,12:01:00,17:30:00,J144_B1
F,NA,20180713,20180713,,,,,,,,J145_B1,,,,6.982791587,0,,-34,-34,-34,3_B1,NA,12:03:00,17:30:00,J145_B1
F,NA,20180713,20180713,,,,,,,,J146_B1,,,,7.68833652,0,,-75,-75,-75,3_B1,NA,12:03:00,17:30:00,J146_B1
F,NA,20180713,20180713,,,,,,,,J147_B1,,,,6.982791587,0,,-34,-34,-34,3_B1,NA,12:10:00,17:30:00,J147_B1
T,L18_L_20180713_B1_J148,20180713,20180713,,,,7.029,1383,,,J148_B1,0.13,0.21,3077.9,6.971319312,19.1,,-33,-34,-33,3_B1,T,12:11:00,17:30:00,J148_B1
F,NA,20180713,20180713,,,,,,,,J149_B1,,,,7.676864245,0,,-74,-74,-75,3_B1,NA,12:04:00,17:30:00,J149_B1
F,NA,20180713,20180713,,,,,,,,J150_B1,,,,,0,,0,0,0,,NA,NA,17:30:00,J150_B1
F,NA,20180713,20180713,,,,,,,,J151_B1,,,,,0,,0,0,0,,NA,NA,17:30:00,J151_B1
F,NA,20180713,20180713,,,,,,,,J152_B1,,,,6.988527725,0,,-34,-35,-34,3_B1,NA,12:13:00,17:30:00,J152_B1
F,NA,20180713,20180713,,,,,,,,J153_B1,,,,7.68833652,0,,-75,-75,-75,3_B1,NA,12:07:00,17:30:00,J153_B1
F,NA,20180713,20180713,,,,,,,,J154_B1,,,,7.676864245,0,,-74,-74,-75,3_B1,NA,12:07:00,17:30:00,J154_B1
F,NA,20180713,20180713,,,,,,,,J155_B1,,,,6.982791587,0,,-34,-34,-34,3_B1,NA,12:15:00,17:30:00,J155_B1
F,NA,20180713,20180713,,,,,,,,J156_B1,,,,6.982791587,0,,-34,-34,-34,3_B1,NA,12:15:00,17:30:00,J156_B1
F,NA,20180713,20180713,,,,,,,,J157_B1,,,,7.671128107,0,,-74,-74,-74,3_B1,NA,12:10:00,17:36:00,J157_B1
F,NA,20180713,20180713,,,,,,,,J158_B1,,,,7.017045455,0,,-34,-34,-34,4_B1,NA,13:39:00,17:36:00,J158_B1
T,L18_L_20180713_B1_J159,20180713,20180713,,,,7.749,1257,,,J159_B1,0.64,1.05,555.4,7.665391969,19,,-74,-74,-73,3_B1,T,12:14:00,17:36:00,J159_B1
F,NA,20180713,20180713,,,,,,,,J160_B1,,,,7.017045455,0,,-34,-34,-34,4_B1,NA,13:40:00,17:36:00,J160_B1
F,NA,20180713,20180713,,,,,,,,J161_B1,,,,7.705544933,0,,-76,-76,-76,3_B1,NA,12:15:00,17:36:00,J161_B1
F,NA,20180713,20180713,,,,,,,,J162_B1,,,,7.698863636,0,,-74,-74,-74,4_B1,NA,13:42:00,17:36:00,J162_B1
F,NA,20180713,20180713,,,,,,,,J163_B1,,,,7.017045455,0,,-34,-34,-34,4_B1,NA,13:41:00,17:36:00,J163_B1
F,NA,20180713,20180713,,,,,,,,J164_B1,,,,7.693181818,0,,-74,-74,-73,4_B1,NA,13:42:00,17:36:00,J164_B1
F,NA,20180713,20180713,,,,,,,,J165_B1,,,,7.6875,0,,-74,-73,-73,4_B1,NA,13:43:00,17:36:00,J165_B1
F,NA,20180713,20180713,,,,,,,,J166_B1,,,,7.017045455,0,,-34,-34,-34,4_B1,NA,13:44:00,17:36:00,J166_B1
F,NA,20180713,20180713,,,,,,,,J167_B1,,,,7.715909091,0,,-75,-75,-75,4_B1,NA,13:48:00,17:36:00,J167_B1
F,NA,20180713,20180713,,,,,,,,J168_B1,,,,7.034090909,0,,-35,-35,-35,4_B1,NA,13:48:00,17:36:00,J168_B1
F,NA,20180713,20180713,,,,,,,,J169_B1,,,,7.715909091,0,,-75,-75,-75,4_B1,NA,13:48:00,17:36:00,J169_B1
F,NA,20180713,20180713,,,,,,,,J170_B1,,,,7.693181818,0,,-74,-74,-73,4_B1,NA,13:52:00,17:36:00,J170_B1
F,NA,20180713,20180713,,,,,,,,J171_B1,,,,7.034090909,0,,-35,-35,-35,4_B1,NA,13:49:00,17:36:00,J171_B1
F,NA,20180713,20180713,,,,,,,,J172_B1,,,,7.732954545,0,,-76,-76,-76,4_B1,NA,13:54:00,17:36:00,J172_B1
F,NA,20180713,20180713,,,,,,,,J173_B1,,,,7.698863636,0,,-74,-74,-74,4_B1,NA,13:54:00,17:36:00,J173_B1
F,NA,20180713,20180713,,,,,,,,J174_B1,,,,7.022727273,0,,-34,-34,-35,4_B1,NA,13:51:00,17:36:00,J174_B1
F,NA,20180713,20180713,,,,,,,,J175_B1,,,,7.732954545,0,,-76,-76,-76,4_B1,NA,13:59:00,17:36:00,J175_B1
F,NA,20180713,20180713,,,,,,,,J176_B1,,,,7.034090909,0,,-35,-35,-35,4_B1,NA,13:54:00,17:36:00,J176_B1
F,NA,20180713,20180713,,,,,,,,J177_B1,,,,7.017045455,0,,-34,-34,-34,4_B1,NA,13:54:00,17:36:00,J177_B1
F,NA,20180713,20180713,,,,,,,,J178_B1,,,,7.017045455,0,,-34,-34,-34,4_B1,NA,13:58:00,17:36:00,J178_B1
F,NA,20180713,20180713,,,,,,,,J179_B1,,,,7.022727273,0,,-34,-35,-34,4_B1,NA,13:59:00,17:36:00,J179_B1
F,NA,20180713,20180713,,,,,,,,J180_B1,,,,7.704545455,0,,-74,-75,-74,4_B1,NA,14:02:00,17:36:00,J180_B1
F,NA,20180713,20180713,,,,,,,,J181_B1,,,,7.664772727,0,,-72,-72,-72,4_B1,NA,14:00:00,17:36:00,J181_B1
F,NA,20180713,20180713,,,,,,,,J182_B1,,,,7.034090909,0,,-35,-35,-35,4_B1,NA,13:59:00,17:42:00,J182_B1
F,NA,20180712,20180712,,,,,,,,J183_B1,,,,7.782857143,0,,-82,-81,-80,1_B1,NA,14:30:00,16:49:00,J183_B1
F,NA,20180712,NA,,,,,,,,J184_B1,,,,7.04,0,,-39,-37,-37,1_B1,NA,14:30:00,NA,J184_B1
F,NA,20180713,20180713,,,,,,,,J185_B1,,,,7,0,,-33,-33,-33,4_B1,NA,14:06:00,17:42:00,J185_B1
F,NA,20180713,20180713,,,,,,,,J186_B1,,,,7.681818182,0,,-73,-73,-73,4_B1,NA,14:06:00,17:42:00,J186_B1
F,NA,20180713,20180713,,,,,,,,J187_B1,,,,7.045454545,0,,-35,-36,-36,4_B1,NA,14:06:00,17:42:00,J187_B1
F,NA,20180713,20180713,,,,,,,,J188_B1,,,,7.698863636,0,,-74,-74,-74,4_B1,NA,14:12:00,17:42:00,J188_B1
F,NA,20180713,20180713,,,,,,,,J189_B1,,,,0,0,,0,0,0,4_B1,NA,NA,17:42:00,J189_B1
F,NA,20180713,20180713,,,,,,,,J190_B1,,,,7.034090909,0,,-35,-35,-35,4_B1,NA,14:08:00,17:42:00,J190_B1
F,NA,20180713,20180713,,,,,,,,J191_B1,,,,7.698863636,0,,-74,-74,-74,4_B1,NA,14:05:00,17:42:00,J191_B1
F,NA,20180713,20180713,,,,,,,,J192_B1,,,,7.698863636,0,,-74,-74,-74,4_B1,NA,14:08:00,17:42:00,J192_B1
F,NA,20180713,20180713,,,,,,,,J193_B1,,,,7.028409091,0,,-34,-35,-35,4_B1,NA,14:12:00,17:42:00,J193_B1
F,NA,20180713,20180713,,,,,,,,J194_B1,,,,0,0,,0,0,0,4_B1,NA,NA,17:42:00,J194_B1
F,NA,20180713,20180713,,,,,,,,J195_B1,,,,7.732954545,0,,-76,-76,-76,4_B1,NA,14:12:00,17:42:00,J195_B1
F,NA,20180713,20180713,,,,,,,,J196_B1,,,,0,0,,0,0,0,4_B1,NA,NA,17:42:00,J196_B1
F,NA,20180713,20180713,,,,,,,,J197_B1,,,,7.051136364,0,,-36,-36,-36,4_B1,NA,14:15:00,17:42:00,J197_B1
F,NA,20180713,20180713,,,,,,,,J198_B1,,,,7.75,0,,-77,-77,-77,4_B1,NA,14:19:00,17:42:00,J198_B1
T,L18_L_20180713_B1_J199,20180713,20180713,,,,7.833,1259,,,J199_B1,0.78,1.28,456.9,7.75,19.2,,-77,-77,-77,4_B1,T,14:20:00,17:42:00,J199_B1
F,NA,20180713,20180713,,,,,,,,J200_B1,,,,7.017045455,0,,-34,-34,-34,4_B1,NA,14:18:00,17:42:00,J200_B1
F,NA,20180713,20180713,,,,,,,,J201_B1,,,,7.75,0,,-77,-77,-77,4_B1,NA,14:24:00,17:42:00,J201_B1
T,L18_L_20180713_B1_J202,20180713,20180713,,,,7.076,1381,,,J202_B1,0.14,0.24,2780.4,7.017045455,19.1,,-34,-34,-34,4_B1,T,14:19:00,17:42:00,J202_B1
F,NA,20180713,20180713,,,,,,,,J203_B1,,,,7.767045455,0,,-78,-78,-78,4_B1,NA,14:31:00,17:42:00,J203_B1
F,NA,20180713,20180713,,,,,,,,J204_B1,,,,7.017045455,0,,-34,-34,-34,4_B1,NA,14:21:00,17:42:00,J204_B1
F,NA,20180713,20180713,,,,,,,,J205_B1,,,,7.732954545,0,,-76,-76,-76,4_B1,NA,14:31:00,17:42:00,J205_B1
F,NA,20180713,20180713,,,,,,,,J206_B1,,,,0,0,,0,0,0,4_B1,NA,NA,17:42:00,J206_B1
F,NA,20180713,20180713,,,,,,,,J207_B1,,,,7.732954545,0,,-76,-76,-76,4_B1,NA,14:33:00,17:42:00,J207_B1
F,NA,20180713,20180713,,,,,,,,J208_B1,,,,7.017045455,0,,-34,-34,-34,4_B1,NA,14:26:00,17:42:00,J208_B1
F,NA,20180713,20180713,,,,,,,,J209_B1,,,,7.732954545,0,,-76,-76,-76,4_B1,NA,14:36:00,17:42:00,J209_B1
F,NA,20180713,20180713,,,,,,,,J210_B1,,,,7.017045455,0,,-34,-34,-34,4_B1,NA,14:32:00,17:42:00,J210_B1
F,NA,20180713,20180713,,,,,,,,J211_B1,,,,7.732954545,0,,-76,-76,-76,4_B1,NA,14:37:00,17:42:00,J211_B1
F,NA,20180713,20180713,,,,,,,,J212_B1,,,,7.022727273,0,,-35,-34,-34,4_B1,NA,14:27:00,17:42:00,J212_B1
F,NA,20180713,20180713,,,,,,,,J213_B1,,,,7.017045455,0,,-34,-34,-34,4_B1,NA,14:34:00,17:46:00,J213_B1
F,NA,20180713,20180713,,,,,,,,J214_B1,,,,7.75,0,,-77,-77,-77,4_B1,NA,14:41:00,17:46:00,J214_B1
F,NA,20180713,20180713,,,,,,,,J215_B1,,,,7.051136364,0,,-36,-36,-36,4_B1,NA,14:38:00,17:46:00,J215_B1
F,NA,20180713,20180713,,,,,,,,J216_B1,,,,7.034090909,0,in ST4,-35,-35,-35,4_B1,NA,14:13:00,17:46:00,J216_B1
F,NA,20180713,20180713,,,,,,,,J217_B1,,,,7.710227273,0,in ST4,-74,-75,-75,4_B1,NA,14:18:00,17:46:00,J217_B1
F,NA,20180713,20180713,,,,,,,,J218_B1,,,,7.051136364,0,,-36,-36,-36,4_B1,NA,14:39:00,17:46:00,J218_B1
F,NA,20180713,20180713,,,,,,,,J219_B1,,,,7.732954545,0,,-76,-76,-76,4_B1,NA,14:42:00,17:46:00,J219_B1
F,NA,20180713,20180713,,,,,,,,J220_B1,,,,7.011363636,0,,-34,-33,-34,4_B1,NA,14:41:00,17:46:00,J220_B1
F,NA,20180713,20180713,,,,,,,,J221_B1,,,,7.744318182,0,,-76,-77,-77,4_B1,NA,14:42:00,17:46:00,J221_B1
F,NA,20180713,20180713,,,,,,,,J222_B1,,,,7.034090909,0,,-35,-35,-35,4_B1,NA,14:43:00,17:46:00,J222_B1
F,NA,20180713,20180713,,,,,,,,J223_B1,,,,7.034090909,0,,-35,-35,-35,4_B1,NA,14:44:00,17:46:00,J223_B1
F,NA,20180713,20180713,,,,,,,,J224_B1,,,,7.022727273,0,,-34,-35,-34,4_B1,NA,14:47:00,17:46:00,J224_B1
F,NA,20180713,20180713,,,,,,,,J225_B1,,,,7.732954545,0,,-76,-76,-76,4_B1,NA,14:47:00,17:46:00,J225_B1
F,NA,20180713,20180713,,,,,,,,J226_B1,,,,7.017045455,0,,-34,-34,-34,4_B1,NA,14:48:00,17:46:00,J226_B1
F,NA,20180713,20180713,,,,,,,,J227_B1,,,,7.732954545,0,,-76,-76,-76,4_B1,NA,14:48:00,17:46:00,J227_B1
F,NA,20180713,20180713,,,,,,,,J228_B1,,,,7.022727273,0,,-34,-34,-35,4_B1,NA,14:51:00,17:46:00,J228_B1
F,NA,20180713,20180713,,,,,,,,J229_B1,,,,7.732954545,0,,-76,-76,-76,4_B1,NA,14:51:00,17:46:00,J229_B1
F,NA,20180713,20180713,,,,,,,,J230_B1,,,,7.022727273,0,,-34,-34,-35,4_B1,NA,14:53:00,17:46:00,J230_B1
F,NA,20180713,20180713,,,,,,,,J231_B1,,,,7.727272727,0,,-76,-76,-75,4_B1,NA,14:52:00,17:46:00,J231_B1
F,NA,20180713,20180713,,,,,,,,J232_B1,,,,7.732954545,0,,-76,-76,-76,4_B1,NA,14:55:00,17:46:00,J232_B1
F,NA,20180713,20180713,,,,,,,,J233_B1,,,,7.028409091,0,,-34,-35,-35,4_B1,NA,14:55:00,17:46:00,J233_B1
F,NA,20180713,20180713,,,,,,,,J234_B1,,,,7.715909091,0,,-75,-75,-75,4_B1,NA,14:56:00,17:46:00,J234_B1
F,NA,20180713,20180713,,,,,,,,J235_B1,,,,7.039772727,0,,-35,-36,-35,4_B1,NA,14:57:00,17:46:00,J235_B1
F,NA,20180713,20180713,,,,,,,,J236_B1,,,,7.715909091,0,,-75,-75,-75,4_B1,NA,14:57:00,17:46:00,J236_B1
F,NA,20180713,20180713,,,,,,,,J237_B1,,,,7.051136364,0,,-36,-36,-36,4_B1,NA,14:58:00,17:50:00,J237_B1
F,NA,20180713,20180713,,,,,,,,J238_B1,,,,7.715909091,0,,-75,-75,-75,4_B1,NA,15:02:00,17:50:00,J238_B1
F,NA,20180713,20180713,,,,,,,,J239_B1,,,,7.034090909,0,,-35,-35,-35,4_B1,NA,15:03:00,17:50:00,J239_B1
F,NA,20180713,20180713,,,,,,,,J240_B1,,,,7.744318182,0,,-76,-77,-77,4_B1,NA,15:02:00,17:50:00,J240_B1
F,NA,20180713,20180713,,,,,,,,J241_B1,,,,7.034090909,0,,-35,-35,-35,4_B1,NA,15:04:00,17:50:00,J241_B1
F,NA,20180713,20180713,,,,,,,,J242_B1,,,,0,0,,0,0,0,4_B1,NA,NA,17:50:00,J242_B1
F,NA,20180713,20180713,,,,,,,,J243_B1,,,,7.039772727,0,,-36,-35,-35,4_B1,NA,15:05:00,17:50:00,J243_B1
F,NA,20180713,20180713,,,,,,,,J244_B1,,,,7.022727273,0,,-35,-34,-34,4_B1,NA,15:10:00,17:50:00,J244_B1
F,NA,20180713,20180713,,,,,,,,J245_B1,,,,7.732954545,0,,-76,-76,-76,4_B1,NA,15:06:00,17:50:00,J245_B1
F,NA,20180713,20180713,,,,,,,,J246_B1,,,,7.017045455,0,,-34,-34,-34,4_B1,NA,15:11:00,17:50:00,J246_B1
F,NA,20180713,20180713,,,,,,,,J247_B1,,,,7.034090909,0,,-35,-35,-35,4_B1,NA,15:14:00,17:50:00,J247_B1
F,NA,20180713,20180713,,,,,,,,J248_B1,,,,7.75,0,,-77,-77,-77,4_B1,NA,15:08:00,17:50:00,J248_B1
F,NA,20180713,20180713,,,,,,,,J249_B1,,,,7.051136364,0,,-36,-36,-36,4_B1,NA,15:18:00,17:50:00,J249_B1
F,NA,20180713,20180713,,,,,,,,J250_B1,,,,7.732954545,0,,-76,-76,-76,4_B1,NA,15:08:00,17:50:00,J250_B1
F,NA,20180713,20180713,,,,,,,,J251_B1,,,,7.017045455,0,,-34,-34,-34,4_B1,NA,15:10:00,17:50:00,J251_B1
F,NA,20180713,20180713,,,,,,,,J252_B1,,,,7.75,0,,-77,-77,-77,4_B1,NA,15:11:00,17:50:00,J252_B1
F,NA,20180713,20180713,,,,,,,,J253_B1,,,,7.034090909,0,,-35,-35,-35,4_B1,NA,15:19:00,17:50:00,J253_B1
F,NA,20180713,20180713,,,,,,,,J254_B1,,,,7.75,0,,-77,-77,-77,4_B1,NA,15:13:00,17:50:00,J254_B1
F,NA,20180713,20180713,,,,,,,,J255_B1,,,,7.051136364,0,,-36,-36,-36,4_B1,NA,15:26:00,17:50:00,J255_B1
F,NA,20180713,20180713,,,,,,,,J256_B1,,,,7.732954545,0,,-76,-76,-76,4_B1,NA,15:13:00,17:50:00,J256_B1
F,NA,20180713,20180713,,,,,,,,J257_B1,,,,7.017045455,0,,-34,-34,-34,4_B1,NA,15:14:00,17:50:00,J257_B1
F,NA,20180713,20180713,,,,,,,,J258_B1,,,,7.715909091,0,,-75,-75,-75,4_B1,NA,15:15:00,17:50:00,J258_B1
F,NA,20180713,20180713,,,,,,,,J259_B1,,,,7.732954545,0,,-76,-76,-76,4_B1,NA,15:18:00,17:50:00,J259_B1
F,NA,20180713,20180713,,,,,,,,J260_B1,,,,7.732954545,0,,-76,-76,-76,4_B1,NA,15:19:00,17:50:00,J260_B1
F,NA,20180713,20180713,,,,,,,,J261_B1,,,,7.715909091,0,,-75,-75,-75,4_B1,NA,15:19:00,17:50:00,J261_B1
F,NA,20180713,20180713,,,,,,,,J262_B1,,,,7.011363636,0,,-34,-33,-34,4_B1,NA,15:27:00,17:50:00,J262_B1
F,NA,20180713,20180713,,,,,,,,J263_B1,,,,7.045454545,0,,-35,-36,-36,4_B1,NA,15:29:00,17:50:00,J263_B1
F,NA,20180713,20180713,,,,,,,,J264_B1,,,,7.732954545,0,,-76,-76,-76,4_B1,NA,15:21:00,17:55:00,J264_B1
F,NA,20180713,20180713,,,,,,,,J265_B1,,,,7.034090909,0,,-35,-35,-35,4_B1,NA,15:31:00,17:55:00,J265_B1
F,NA,20180713,20180713,,,,,,,,J266_B1,,,,7.75,0,,-77,-77,-77,4_B1,NA,15:24:00,17:55:00,J266_B1
F,NA,20180713,20180713,,,,,,,,J267_B1,,,,7.034090909,0,,-35,-35,-35,4_B1,NA,15:33:00,17:55:00,J267_B1
F,NA,20180713,20180713,,,,,,,,J268_B1,,,,7.75,0,,-77,-77,-77,4_B1,NA,15:26:00,17:55:00,J268_B1
F,NA,20180713,20180713,,,,,,,,J269_B1,,,,7.051136364,0,,-36,-36,-36,4_B1,NA,15:36:00,17:55:00,J269_B1
F,NA,20180713,20180713,,,,,,,,J270_B1,,,,7.75,0,,-77,-77,-77,4_B1,NA,15:28:00,17:55:00,J270_B1
F,NA,20180713,20180713,,,,,,,,J271_B1,,,,7.034090909,0,,-35,-35,-35,4_B1,NA,15:38:00,17:55:00,J271_B1
F,NA,20180713,20180713,,,,,,,,J272_B1,,,,7.732954545,0,,-76,-76,-76,4_B1,NA,15:29:00,17:55:00,J272_B1
F,NA,20180713,20180713,,,,,,,,J273_B1,,,,7.017045455,0,,-34,-34,-34,4_B1,NA,15:39:00,17:55:00,J273_B1
F,NA,20180713,20180713,,,,,,,,J274_B1,,,,7.75,0,,-77,-77,-77,4_B1,NA,15:30:00,17:55:00,J274_B1
F,NA,20180713,20180713,,,,,,,,J275_B1,,,,7.034090909,0,,-35,-35,-35,4_B1,NA,15:42:00,17:55:00,J275_B1
F,NA,20180713,20180713,,,,,,,,J276_B1,,,,7.715909091,0,,-75,-75,-75,4_B1,NA,15:33:00,17:55:00,J276_B1
F,NA,20180713,20180713,,,,,,,,J277_B1,,,,7.75,0,,-77,-77,-77,4_B1,NA,15:33:00,17:55:00,J277_B1
F,NA,20180713,20180713,,,,,,,,J278_B1,,,,7.017045455,0,,-34,-34,-34,4_B1,NA,15:44:00,17:55:00,J278_B1
F,NA,20180713,20180713,,,,,,,,J279_B1,,,,0,0,,0,0,0,4_B1,NA,15:39:00,17:55:00,J279_B1
F,NA,20180713,20180713,,,,,,,,J280_B1,,,,7.715909091,0,,-75,-75,-75,4_B1,NA,15:39:00,17:55:00,J280_B1
T,L18_L_20180713_B1_J281,20180713,20180713,,,,7.111,1379,,,J281_B1,0.16,0.26,2574.5,7.051136364,19.1,,-36,-36,-36,4_B1,T,15:50:00,17:55:00,J281_B1
T,L18_L_20180713_B1_J282,20180713,20180713,,,,7.782,1256,,,J282_B1,0.69,1.13,514.5,7.698863636,19.1,,-74,-74,-74,4_B1,T,15:50:00,17:55:00,J282_B1
F,NA,20180713,20180713,,,,,,,,J283_B1,,,,7.034090909,0,,-35,-35,-35,4_B1,NA,15:45:00,17:55:00,J283_B1
F,NA,20180713,20180713,,,,,,,,J284_B1,,,,7.75,0,,-77,-77,-77,4_B1,NA,15:38:00,17:55:00,J284_B1
F,NA,20180713,20180713,,,,,,,,J285_B1,,,,7.051136364,0,,-36,-36,-36,4_B1,NA,15:46:00,17:55:00,J285_B1
F,NA,20180713,20180713,,,,,,,,J286_B1,,,,7.732954545,0,,-76,-76,-76,4_B1,NA,15:41:00,17:55:00,J286_B1
F,NA,20180712,NA,,,,,,,,J287_B1,,,,7.034285714,0,filter early,-38,-37,-37,1_B1,NA,14:30:00,NA,J287_B1
F,NA,20180712,20180712,,,,,,,,J288_B1,,,,7.788571429,0,filter early,-82,-81,-81,1_B1,NA,14:30:00,16:40:00,J288_B1
T,L18_L_20180713_B1_J289,20180713,NA,,,,7.818,1248,,,J289_B1,0.76,1.24,470,7.740112994,19.5,control_noLarvae-5mL,-79,-77,-77,5_B1,T,17:00:00,NA,J289_B1
T,L18_L_20180713_B1_J290,20180713,NA,,,,7.118,1369,,,J290_B1,0.16,0.26,2524.6,7.062146893,19.5,control_noLarvae-5mL,-38,-37,-38,5_B1,T,17:00:00,NA,J290_B1
T,L18_L_20180713_B1_J291,20180713,NA,,,,7.164,1371,,,J291_B1,0.18,0.3,2287.7,7.107344633,19.5,control_noLarvae-5mL,-40,-40,-41,5_B1,T,17:00:00,NA,J291_B1
T,L18_L_20180713_B1_J292,20180713,NA,,,,7.791,1253,,,J292_B1,0.71,1.17,502.4,7.711864407,19.4,control_noLarvae-5mL,-76,-76,-76,5_B1,T,17:00:00,NA,J292_B1
T,L18_L_20180713_B1_J293,20180713,NA,,,,,,,,J293_B1,,,,7.689265537,19.5,Control_noLarvae-1.5mL,-74,-75,-75,5_B1,F,17:00:00,NA,J293_B1
T,L18_L_20180713_B1_J294,20180713,NA,,,,,,,,J294_B1,,,,7.146892655,19.4,Control_noLarvae-1.5mL,-43,-43,-42,5_B1,F,17:00:00,NA,J294_B1
T,L18_L_20180713_B1_J295,20180713,NA,,,,,,,,J295_B1,,,,7.056497175,19.4,Control_noLarvae-0,-38,-37,-37,5_B1,F,17:00:00,NA,J295_B1
T,L18_L_20180713_B1_J296,20180713,NA,,,,,,,,J296_B1,,,,7.734463277,19.4,Control_noLarvae-1.5mL,-78,-77,-77,5_B1,F,17:00:00,NA,J296_B1
T,L18_L_20180713_B1_J297,20180713,NA,,,,7.126,1395,,,J297_B1,0.17,0.27,2527.9,7.06779661,19.3,Control_noLarvae-0mL,-38,-38,-38,5_B1,T,17:00:00,NA,J297_B1
T,L18_L_20180713_B1_J298,20180713,NA,,,,,,,,J298_B1,,,,7.096045198,19.3,Control_noLarvae-1.5mL,-40,-40,-39,5_B1,F,17:00:00,NA,J298_B1
T,L18_L_20180713_B1_J299,20180713,NA,,,,,,,,J299_B1,,,,7.711864407,19.3,Control_noLarvae-0mL,-76,-76,-76,5_B1,F,17:00:00,NA,J299_B1
T,L18_L_20180713_B1_J300,20180713,NA,,,,,,,,J300_B1,,,,7.723163842,19.3,Control_noLarvae-0mL,-77,-77,-76,5_B1,F,17:00:00,NA,J300_B1
F,NA,20180727,20180727,,,,,,,,J001_B2,,,,7.712707182,0,,-78,-78,-78,1_B2,,09:00:00,16:46:00,J001_B2
F,NA,20180727,20180727,,,,,,,,J002_B2,,,,7.198895028,0,,-47,-47,-47,1_B2,,09:00:00,16:46:00,J002_B2
F,NA,20180727,20180727,,,,,,,,J003_B2,,,,7.198895028,0,,-47,-47,-47,1_B2,,09:04:00,16:46:00,J003_B2
F,NA,20180727,20180727,,,,,,,,J004_B2,,,,7.718232044,0,,-79,-78,-78,1_B2,,09:00:00,16:46:00,J004_B2
F,NA,20180727,20180727,,,,,,,,J005_B2,,,,7.198895028,0,,-47,-47,-47,1_B2,,09:04:00,16:46:00,J005_B2
F,NA,20180727,20180727,,,,,,,,J006_B2,,,,7.696132597,0,,-77,-77,-77,1_B2,,09:00:00,16:46:00,J006_B2
F,NA,20180727,20180727,,,,,,,,J007_B2,,,,7.198895028,0,,-47,-47,-47,1_B2,,09:09:00,16:46:00,J007_B2
F,NA,20180727,20180727,,,,,,,,J008_B2,,,,7.696132597,0,,-77,-77,-77,1_B2,,09:04:00,16:46:00,J008_B2
F,NA,20180727,20180727,,,,,,,,J009_B2,,,,7.712707182,0,,-78,-78,-78,1_B2,,09:04:00,16:46:00,J009_B2
F,NA,20180727,20180727,,,,,,,,J010_B2,,,,7.182320442,0,,-46,-46,-46,1_B2,,09:12:00,16:46:00,J010_B2
F,NA,20180727,20180727,,,,,,,,J011_B2,,,,7.712707182,0,,-78,-78,-78,1_B2,,09:09:00,16:46:00,J011_B2
F,NA,20180727,20180727,,,,,,,,J012_B2,,,,7.182320442,0,,-46,-46,-46,1_B2,,09:12:00,16:46:00,J012_B2
F,NA,20180727,20180727,,,,,,,,J013_B2,,,,7.182320442,0,,-46,-46,-46,1_B2,,09:17:00,16:46:00,J013_B2
F,NA,20180727,20180727,,,,,,,,J014_B2,,,,7.696132597,0,"accidently rinsed with DI water instead of seawater, but then switched to seawater",-77,-77,-77,1_B2,,09:14:00,16:46:00,J014_B2
F,NA,20180727,20180727,,,,,,,,J015_B2,,,,7.712707182,0,,-78,-78,-78,1_B2,,09:05:00,16:46:00,J015_B2
F,NA,20180727,20180727,,,,,,,,J016_B2,,,,7.215469613,0,,-48,-48,-48,1_B2,,09:14:00,16:46:00,J016_B2
F,NA,20180727,20180727,,,,,,,,J017_B2,,,,7.696132597,0,,-77,-77,-77,1_B2,,09:16:00,16:46:00,J017_B2
F,NA,20180727,20180727,,,,,,,,J018_B2,,,,7.198895028,0,,-47,-47,-47,1_B2,,09:21:00,16:46:00,J018_B2
F,NA,20180727,20180727,,,,,,,,J019_B2,,,,7.215469613,0,,-48,-48,-48,1_B2,,09:21:00,16:46:00,J019_B2
F,NA,20180727,20180727,,,,,,,,J020_B2,,,,7.696132597,0,,-77,-77,-77,1_B2,,09:20:00,16:46:00,J020_B2
F,NA,20180727,20180727,,,,,,,,J021_B2,,,,7.198895028,0,,-47,-47,-47,1_B2,,09:29:00,16:46:00,J021_B2
F,NA,20180727,20180727,,,,,,,,J022_B2,,,,7.712707182,0,,-78,-78,-78,1_B2,,09:23:00,16:46:00,J022_B2
F,NA,20180727,20180727,,,,,,,,J023_B2,,,,7.182320442,0,,-46,-46,-46,1_B2,,09:32:00,16:46:00,J023_B2
F,NA,20180727,20180727,,,,,,,,J024_B2,,,,7.685082873,0,,-77,-76,-76,1_B2,,09:24:00,16:46:00,J024_B2
F,NA,NA,20180727,,,,,,,,J025_B2,,,,0,0,,0,0,0,1_B2,,NA,16:46:00,J025_B2
F,NA,20180727,20180727,,,,,,,,J026_B2,,,,7.182320442,0,,-46,-46,-46,1_B2,,09:34:00,16:46:00,J026_B2
F,NA,20180727,20180727,,,,,,,,J027_B2,,,,7.198895028,0,,-47,-47,-47,1_B2,,09:37:00,16:51:00,J027_B2
F,NA,20180727,20180727,,,,,,,,J028_B2,,,,7.712707182,0,,-78,-78,-78,1_B2,,09:25:00,16:51:00,J028_B2
F,NA,20180727,20180727,,,,,,,,J029_B2,,,,7.20441989,0,,-47,-47,-48,1_B2,,09:37:00,16:51:00,J029_B2
F,NA,20180727,20180727,,,,,,,,J030_B2,,,,7.696132597,0,,-77,-77,-77,1_B2,,09:29:00,16:51:00,J030_B2
F,NA,20180727,20180727,,,,,,,,J031_B2,,,,7.215469613,0,,-48,-48,-48,1_B2,,09:28:00,16:51:00,J031_B2
F,NA,20180727,20180727,,,,,,,,J032_B2,,,,7.198895028,0,,-47,-47,-47,1_B2,,09:43:00,16:51:00,J032_B2
F,NA,20180727,20180727,,,,,,,,J033_B2,,,,7.696132597,0,,-77,-77,-77,1_B2,,09:31:00,16:51:00,J033_B2
F,NA,20180727,20180727,,,,,,,,J034_B2,,,,7.182320442,0,,-46,-46,-46,1_B2,,09:44:00,16:51:00,J034_B2
F,NA,20180727,20180727,,,,,,,,J035_B2,,,,7.696132597,0,,-77,-77,-77,1_B2,,09:31:00,16:51:00,J035_B2
F,NA,20180727,20180727,,,,,,,,J036_B2,,,,7.696132597,0,,-77,-77,-77,1_B2,,09:37:00,16:51:00,J036_B2
F,NA,NA,20180727,,,,,,,,J037_B2,,,,0,0,,0,0,0,1_B2,,NA,16:51:00,J037_B2
F,NA,NA,20180727,,,,,,,,J038_B2,,,,0,0,,0,0,0,1_B2,,NA,16:51:00,J038_B2
F,NA,20180727,20180727,,,,,,,,J039_B2,,,,7.712707182,0,,-78,-78,-78,1_B2,,09:38:00,16:51:00,J039_B2
F,NA,20180727,20180727,,,,,,,,J040_B2,,,,7.215469613,0,,-48,-48,-48,1_B2,,09:44:00,16:51:00,J040_B2
F,NA,20180727,20180727,,,,,,,,J041_B2,,,,7.696132597,0,,-77,-77,-77,1_B2,,09:38:00,16:51:00,J041_B2
F,NA,20180727,20180727,,,,,,,,J042_B2,,,,7.209944751,0,,-48,-48,-47,1_B2,,09:44:00,16:51:00,J042_B2
F,NA,20180727,20180727,,,,,,,,J043_B2,,,,7.696132597,0,,-77,-77,-77,1_B2,,09:43:00,16:51:00,J043_B2
F,NA,20180727,20180727,,,,,,,,J044_B2,,,,7.696132597,0,,-77,-77,-77,1_B2,,09:45:00,16:51:00,J044_B2
F,NA,20180727,20180727,,,,,,,,J045_B2,,,,7.182320442,0,,-46,-46,-46,1_B2,,09:52:00,16:51:00,J045_B2
F,NA,20180727,20180727,,,,,,,,J046_B2,,,,7.679558011,0,,-76,-76,-76,1_B2,,09:45:00,16:51:00,J046_B2
F,NA,20180727,20180727,,,,,,,,J047_B2,,,,7.182320442,0,filter change at 9:47,-46,-46,-46,1_B2,,09:52:00,16:51:00,J047_B2
F,NA,20180727,20180727,,,,,,,,J048_B2,,,,7.182320442,0,,-46,-46,-46,1_B2,,09:53:00,16:51:00,J048_B2
F,NA,NA,20180727,,,,,,,,J049_B2,,,,0,0,,0,0,0,1_B2,,NA,16:51:00,J049_B2
F,NA,NA,20180727,,,,,,,,J050_B2,,,,0,0,,0,0,0,1_B2,,NA,16:51:00,J050_B2
F,NA,20180727,20180727,,,,,,,,J051_B2,,,,7.198895028,0,,-47,-47,-47,1_B2,,10:00:00,16:51:00,J051_B2
F,NA,20180727,20180727,,,,,,,,J052_B2,,,,7.696132597,0,,-77,-77,-77,1_B2,,09:51:00,16:51:00,J052_B2
F,NA,20180727,20180727,,,,,,,,J053_B2,,,,7.679558011,0,,-76,-76,-76,1_B2,,09:54:00,16:51:00,J053_B2
F,NA,20180727,20180727,,,,,,,,J054_B2,,,,7.712707182,0,,-78,-78,-78,1_B2,,09:54:00,16:51:00,J054_B2
F,NA,20180727,20180727,,,,,,,,J055_B2,,,,7.198895028,0,,-47,-47,-47,1_B2,,10:01:00,16:51:00,J055_B2
F,NA,20180727,20180727,,,,,,,,J056_B2,,,,7.198895028,0,,-47,-47,-47,1_B2,,10:01:00,16:56:00,J056_B2
F,NA,20180727,20180727,,,,,,,,J057_B2,,,,7.696132597,0,,-77,-77,-77,1_B2,,09:56:00,16:56:00,J057_B2
F,NA,20180727,20180727,,,,,,,,J058_B2,,,,7.712707182,0,,-78,-78,-78,1_B2,,09:57:00,16:56:00,J058_B2
F,NA,20180727,20180727,,,,,,,,J059_B2,,,,7.165745856,0,,-45,-45,-45,1_B2,,10:07:00,16:56:00,J059_B2
F,NA,20180727,20180727,,,,,,,,J060_B2,,,,7.182320442,0,,-46,-46,-46,1_B2,,10:09:00,16:56:00,J060_B2
F,NA,NA,20180727,,,,,,,,J061_B2,,,,0,0,,0,0,0,1_B2,,NA,16:56:00,J061_B2
F,NA,NA,20180727,,,,,,,,J062_B2,,,,0,0,,0,0,0,1_B2,,NA,16:56:00,J062_B2
F,NA,NA,20180727,,,,,,,,J063_B2,,,,0,0,,0,0,0,1_B2,,NA,16:56:00,J063_B2
F,NA,NA,20180727,,,,,,,,J064_B2,,,,0,0,,0,0,0,1_B2,,NA,16:56:00,J064_B2
F,NA,20180727,20180727,,,,,,,,J065_B2,,,,7.215469613,0,,-48,-48,-48,1_B2,,10:11:00,16:56:00,J065_B2
F,NA,20180727,20180727,,,,,,,,J066_B2,,,,7.696132597,0,,-77,-77,-77,1_B2,,10:01:00,16:56:00,J066_B2
F,NA,20180727,20180727,,,,,,,,J067_B2,,,,7.198895028,0,,-47,-47,-47,1_B2,,10:13:00,16:56:00,J067_B2
F,NA,20180727,20180727,,,,,,,,J068_B2,,,,7.215469613,0,,-48,-48,-48,1_B2,,10:13:00,16:56:00,J068_B2
F,NA,20180727,20180727,,,,,,,,J069_B2,,,,7.198895028,0,,-47,-47,-47,1_B2,,10:17:00,16:56:00,J069_B2
F,NA,20180727,20180727,,,,,,,,J070_B2,,,,7.696132597,0,,-77,-77,-77,1_B2,,10:01:00,16:56:00,J070_B2
F,NA,20180727,20180727,,,,,,,,J071_B2,,,,7.679558011,0,,-76,-76,-76,1_B2,,10:02:00,16:56:00,J071_B2
F,NA,20180727,20180727,,,,,,,,J072_B2,,,,7.712707182,0,,-78,-78,-78,1_B2,,10:02:00,16:56:00,J072_B2
F,NA,NA,20180727,,,,,,,,J073_B2,,,,0,0,,0,0,0,1_B2,,NA,16:56:00,J073_B2
F,NA,NA,20180727,,,,,,,,J074_B2,,,,0,0,,0,0,0,1_B2,,NA,16:56:00,J074_B2
F,NA,NA,20180727,,,,,,,,J075_B2,,,,0,0,,0,0,0,1_B2,,NA,16:56:00,J075_B2
F,NA,NA,20180727,,,,,,,,J076_B2,,,,0,0,,0,0,0,1_B2,,NA,16:56:00,J076_B2
F,NA,NA,20180727,,,,,,,,J077_B2,,,,0,0,,0,0,0,1_B2,,NA,16:56:00,J077_B2
F,NA,NA,20180727,,,,,,,,J078_B2,,,,0,0,,0,0,0,1_B2,,NA,16:56:00,J078_B2
F,NA,NA,20180727,,,,,,,,J079_B2,,,,0,0,,0,0,0,1_B2,,NA,16:56:00,J079_B2
F,NA,20180727,20180727,,,,,,,,J080_B2,,,,7.696132597,0,,-77,-77,-77,1_B2,,10:07:00,16:56:00,J080_B2
F,NA,20180727,20180727,,,,,,,,J081_B2,,,,7.198895028,0,,-47,-47,-47,1_B2,,10:19:00,16:56:00,J081_B2
F,NA,20180727,20180727,,,,,,,,J082_B2,,,,7.696132597,0,,-77,-77,-77,1_B2,,10:07:00,16:56:00,J082_B2
F,NA,20180727,20180727,,,,,,,,J083_B2,,,,7.679558011,0,,-76,-76,-76,1_B2,,10:09:00,16:56:00,J083_B2
F,NA,20180727,20180727,,,,,,,,J084_B2,,,,7.198895028,0,,-47,-47,-47,1_B2,,10:33:00,16:56:00,J084_B2
F,NA,NA,20180727,,,,,,,,J085_B2,,,,0,0,,0,0,0,1_B2,,NA,16:56:00,J085_B2
F,NA,NA,20180727,,,,,,,,J086_B2,,,,0,0,,0,0,0,1_B2,,NA,16:56:00,J086_B2
F,NA,NA,20180727,,,,,,,,J087_B2,,,,0,0,,0,0,0,1_B2,,NA,16:56:00,J087_B2
F,NA,NA,20180727,,,,,,,,J088_B2,,,,0,0,,0,0,0,1_B2,,NA,16:56:00,J088_B2
F,NA,NA,20180727,,,,,,,,J089_B2,,,,0,0,,0,0,0,1_B2,,NA,16:56:00,J089_B2
F,NA,NA,20180727,,,,,,,,J090_B2,,,,0,0,,0,0,0,1_B2,,NA,16:56:00,J090_B2
F,NA,20180727,20180727,,,,,,,,J091_B2,,,,7.696132597,0,,-77,-77,-77,1_B2,,10:12:00,16:56:00,J091_B2
F,NA,20180727,20180727,,,,,,,,J092_B2,,,,7.182320442,0,,-46,-46,-46,1_B2,,10:34:00,16:56:00,J092_B2
F,NA,20180727,20180727,,,,,,,,J093_B2,,,,7.182320442,0,,-46,-46,-46,1_B2,,10:34:00,16:56:00,J093_B2
F,NA,20180727,20180727,,,,,,,,J094_B2,,,,7.696132597,0,,-77,-77,-77,1_B2,,10:15:00,16:56:00,J094_B2
F,NA,20180727,20180727,,,,,,,,J095_B2,,,,7.182320442,0,,-46,-46,-46,1_B2,,10:37:00,16:56:00,J095_B2
F,NA,20180727,20180727,,,,,,,,J096_B2,,,,7.679558011,0,,-76,-76,-76,1_B2,,10:18:00,16:56:00,J096_B2
F,NA,20180727,20180727,,,,,,,,J097_B2,,,,7.215469613,0,,-48,-48,-48,1_B2,,10:39:00,16:56:00,J097_B2
F,NA,20180727,20180727,,,,,,,,J098_B2,,,,7.696132597,0,,-77,-77,-77,1_B2,,10:22:00,17:01:00,J098_B2
F,NA,20180727,20180727,,,,,,,,J099_B2,,,,7.198895028,0,,-47,-47,-47,1_B2,,10:40:00,17:01:00,J099_B2
F,NA,20180727,20180727,,,,,,,,J100_B2,,,,7.696132597,0,,-77,-77,-77,1_B2,,10:33:00,17:01:00,J100_B2
F,NA,20180727,20180727,,,,,,,,J101_B2,,,,7.198895028,0,,-47,-47,-47,1_B2,,10:45:00,17:01:00,J101_B2
F,NA,20180727,20180727,,,,,,,,J102_B2,,,,7.696132597,0,,-77,-77,-77,1_B2,,10:34:00,17:01:00,J102_B2
F,NA,20180727,20180727,,,,,,,,J103_B2,,,,7.696132597,0,,-77,-77,-77,1_B2,,10:40:00,17:01:00,J103_B2
F,NA,20180727,20180727,,,,,,,,J104_B2,,,,7.198895028,0,,-47,-47,-47,1_B2,,10:46:00,17:01:00,J104_B2
F,NA,20180727,20180727,,,,,,,,J105_B2,,,,7.696132597,0,,-77,-77,-77,1_B2,,10:43:00,17:01:00,J105_B2
F,NA,20180727,20180727,,,,,,,,J106_B2,,,,7.215469613,0,filter change at 10:44,-48,-48,-48,1_B2,,10:47:00,17:01:00,J106_B2
F,NA,20180727,20180727,,,,,,,,J107_B2,,,,7.662983425,0,,-75,-75,-75,1_B2,,10:44:00,17:01:00,J107_B2
F,NA,20180727,20180727,,,,,,,,J108_B2,,,,7.182320442,0,,-46,-46,-46,1_B2,,10:48:00,17:01:00,J108_B2
F,NA,NA,20180727,,,,,,,,J109_B2,,,,0,0,,0,0,0,1_B2,,NA,17:01:00,J109_B2
F,NA,NA,20180727,,,,,,,,J110_B2,,,,0,0,,0,0,0,1_B2,,NA,17:01:00,J110_B2
F,NA,20180727,20180727,,,,,,,,J111_B2,,,,7.696132597,0,,-77,-77,-77,1_B2,,10:48:00,17:01:00,J111_B2
F,NA,20180727,20180727,,,,,,,,J112_B2,,,,7.226519337,0,,-49,-49,-48,1_B2,,10:51:00,17:01:00,J112_B2
F,NA,20180727,20180727,,,,,,,,J113_B2,,,,7.712707182,0,,-78,-78,-78,1_B2,,10:49:00,17:01:00,J113_B2
F,NA,20180727,20180727,,,,,,,,J114_B2,,,,7.696132597,0,,-77,-77,-77,1_B2,,10:50:00,17:01:00,J114_B2
F,NA,20180727,20180727,,,,,,,,J115_B2,,,,7.198895028,0,,-47,-47,-47,1_B2,,10:52:00,17:01:00,J115_B2
F,NA,20180727,20180727,,,,,,,,J116_B2,,,,7.696132597,0,,-77,-77,-77,1_B2,,10:54:00,17:01:00,J116_B2
F,NA,20180727,20180727,,,,,,,,J117_B2,,,,7.198895028,0,,-47,-47,-47,1_B2,,10:53:00,17:01:00,J117_B2
F,NA,20180727,20180727,,,,,,,,J118_B2,,,,7.198895028,0,,-47,-47,-47,1_B2,,10:55:00,17:01:00,J118_B2
F,NA,20180727,20180727,,,,,,,,J119_B2,,,,7.198895028,0,,-47,-47,-47,1_B2,,10:57:00,17:01:00,J119_B2
F,NA,20180727,20180727,,,,,,,,J120_B2,,,,7.696132597,0,,-77,-77,-77,1_B2,,10:54:00,17:01:00,J120_B2
F,NA,NA,20180727,,,,,,,,J121_B2,,,,0,0,,0,0,0,1_B2,,NA,17:01:00,J121_B2
F,NA,NA,20180727,,,,,,,,J122_B2,,,,0,0,,0,0,0,1_B2,,NA,17:01:00,J122_B2
F,NA,20180727,20180727,,,,,,,,J123_B2,,,,7.215469613,0,,-48,-48,-48,1_B2,,10:59:00,17:01:00,J123_B2
F,NA,20180727,20180727,,,,,,,,J124_B2,,,,7.696132597,0,,-77,-77,-77,1_B2,,10:56:00,17:01:00,J124_B2
F,NA,20180727,20180727,,,,,,,,J125_B2,,,,7.182320442,0,,-46,-46,-46,1_B2,,11:03:00,17:01:00,J125_B2
F,NA,20180727,20180727,,,,,,,,J126_B2,,,,7.182320442,0,,-46,-46,-46,1_B2,,11:03:00,17:01:00,J126_B2
F,NA,20180727,20180727,,,,,,,,J127_B2,,,,7.696132597,0,,-77,-77,-77,1_B2,,10:59:00,17:05:00,J127_B2
F,NA,20180727,20180727,,,,,,,,J128_B2,,,,7.215469613,0,,-48,-48,-48,1_B2,,11:04:00,17:05:00,J128_B2
F,NA,20180727,20180727,,,,,,,,J129_B2,,,,7.696132597,0,,-77,-77,-77,1_B2,,11:02:00,17:05:00,J129_B2
F,NA,20180727,20180727,,,,,,,,J130_B2,,,,7.668508287,0,,-75,-76,-75,1_B2,,11:04:00,17:05:00,J130_B2
F,NA,20180727,20180727,,,,,,,,J131_B2,,,,7.186440678,0,,-47,-47,-47,2_B2,,11:09:00,17:05:00,J131_B2
F,NA,20180727,20180727,,,,,,,,J132_B2,,,,7.186440678,0,,-47,-47,-47,2_B2,,11:10:00,17:05:00,J132_B2
F,NA,NA,20180727,,,,,,,,J133_B2,,,,0,0,,0,0,0,2_B2,,NA,17:05:00,J133_B2
F,NA,NA,20180727,,,,,,,,J134_B2,,,,0,0,,0,0,0,2_B2,,NA,17:05:00,J134_B2
F,NA,20180727,20180727,,,,,,,,J135_B2,,,,7.728813559,0,,-79,-79,-79,2_B2,,11:08:00,17:05:00,J135_B2
F,NA,NA,20180727,,,,,,,,J136_B2,,,,0,0,,0,0,0,2_B2,,NA,17:05:00,J136_B2
F,NA,20180727,20180727,,,,,,,,J137_B2,,,,7.711864407,0,,-78,-78,-78,2_B2,,11:08:00,17:05:00,J137_B2
F,NA,NA,20180727,,,,,,,,J138_B2,,,,0,0,,0,0,0,2_B2,,NA,17:05:00,J138_B2
F,NA,20180727,20180727,,,,,,,,J139_B2,,,,7.192090395,0,,-47,-47,-48,2_B2,,11:12:00,17:05:00,J139_B2
F,NA,20180727,20180727,,,,,,,,J140_B2,,,,7.711864407,0,,-78,-78,-78,2_B2,,11:09:00,17:05:00,J140_B2
F,NA,20180727,20180727,,,,,,,,J141_B2,,,,7.186440678,0,,-47,-47,-47,2_B2,,11:13:00,17:05:00,J141_B2
F,NA,20180727,20180727,,,,,,,,J142_B2,,,,7.186440678,0,,-47,-47,-47,2_B2,,11:17:00,17:05:00,J142_B2
F,NA,20180727,20180727,,,,,,,,J143_B2,,,,7.694915254,0,,-77,-77,-77,2_B2,,11:14:00,17:05:00,J143_B2
F,NA,20180727,20180727,,,,,,,,J144_B2,,,,7.694915254,0,,-77,-77,-77,2_B2,,11:15:00,17:05:00,J144_B2
F,NA,NA,20180727,,,,,,,,J145_B2,,,,0,0,,0,0,0,2_B2,,NA,17:05:00,J145_B2
F,NA,NA,20180727,,,,,,,,J146_B2,,,,0,0,,0,0,0,2_B2,,NA,17:05:00,J146_B2
F,NA,NA,20180727,,,,,,,,J147_B2,,,,0,0,,0,0,0,2_B2,,NA,17:05:00,J147_B2
F,NA,NA,20180727,,,,,,,,J148_B2,,,,0,0,,0,0,0,2_B2,,NA,17:05:00,J148_B2
F,NA,20180727,20180727,,,,,,,,J149_B2,,,,7.694915254,0,this jar was labeled as having no larvae,-77,-77,-77,2_B2,,11:15:00,17:05:00,J149_B2
F,NA,20180727,20180727,,,,,,,,J150_B2,,,,7.186440678,0,,-47,-47,-47,2_B2,,11:17:00,17:05:00,J150_B2
F,NA,20180727,20180727,,,,,,,,J151_B2,,,,7.694915254,0,,-77,-77,-77,2_B2,,11:21:00,17:05:00,J151_B2
F,NA,20180727,20180727,,,,,,,,J152_B2,,,,7.186440678,0,,-47,-47,-47,2_B2,,11:23:00,17:05:00,J152_B2
F,NA,20180727,20180727,,,,,,,,J153_B2,,,,7.694915254,0,,-77,-77,-77,2_B2,,11:21:00,17:05:00,J153_B2
F,NA,20180727,20180727,,,,,,,,J154_B2,,,,7.694915254,0,,-77,-77,-77,2_B2,,11:23:00,17:05:00,J154_B2
F,NA,20180727,20180727,,,,,,,,J155_B2,,,,7.192090395,0,,-47,-47,-48,2_B2,,11:24:00,17:05:00,J155_B2
F,NA,20180727,20180727,,,,,,,,J156_B2,,,,7.177966102,0,,-47,-47,-46,2_B2,,11:25:00,17:05:00,J156_B2
F,NA,NA,20180727,,,,,,,,J157_B2,,,,0,0,,0,0,0,2_B2,,NA,17:05:00,J157_B2
F,NA,NA,20180727,,,,,,,,J158_B2,,,,0,0,,0,0,0,2_B2,,NA,17:05:00,J158_B2
F,NA,NA,20180727,,,,,,,,J159_B2,,,,0,0,,0,0,0,2_B2,,NA,17:05:00,J159_B2
F,NA,NA,20180727,,,,,,,,J160_B2,,,,0,0,,0,0,0,2_B2,,NA,17:05:00,J160_B2
F,NA,NA,20180727,,,,,,,,J161_B2,,,,0,0,,0,0,0,2_B2,,NA,17:05:00,J161_B2
F,NA,20180727,20180727,,,,,,,,J162_B2,,,,7.694915254,0,,-77,-77,-77,2_B2,,11:26:00,17:05:00,J162_B2
F,NA,20180727,20180727,,,,,,,,J163_B2,,,,7.186440678,0,,-47,-47,-47,2_B2,,11:25:00,17:05:00,J163_B2
F,NA,20180727,20180727,,,,,,,,J164_B2,,,,7.700564972,0,,-77,-77,-78,2_B2,,11:29:00,17:05:00,J164_B2
F,NA,20180727,20180727,,,,,,,,J165_B2,,,,7.700564972,0,,-77,-77,-78,2_B2,,11:31:00,17:10:00,J165_B2
F,NA,20180727,20180727,,,,,,,,J166_B2,,,,0,0,,-48,-47,-47,2_B2,,11:30:00,17:10:00,J166_B2
F,NA,20180727,20180727,,,,,,,,J167_B2,,,,7.694915254,0,,-77,-77,-77,2_B2,,11:31:00,17:10:00,J167_B2
F,NA,20180727,20180727,,,,,,,,J168_B2,,,,7.192090395,0,,-44,-44,-44,2_B2,,11:31:00,17:10:00,J168_B2
F,NA,NA,20180727,,,,,,,,J169_B2,,,,0,0,,0,0,0,2_B2,,NA,17:10:00,J169_B2
F,NA,NA,20180727,,,,,,,,J170_B2,,,,0,0,,0,0,0,2_B2,,NA,17:10:00,J170_B2
F,NA,NA,20180727,,,,,,,,J171_B2,,,,0,0,,0,0,0,2_B2,,NA,17:10:00,J171_B2
F,NA,NA,20180727,,,,,,,,J172_B2,,,,0,0,,0,0,0,2_B2,,NA,17:10:00,J172_B2
F,NA,20180727,20180727,,,,,,,,J173_B2,,,,7.694915254,0,,-77,-77,-77,2_B2,,11:31:00,17:10:00,J173_B2
F,NA,20180727,20180727,,,,,,,,J174_B2,,,,7.700564972,0,,-77,-77,-78,2_B2,,11:36:00,17:10:00,J174_B2
F,NA,20180727,20180727,,,,,,,,J175_B2,,,,7.203389831,0,,-48,-48,-48,2_B2,,11:35:00,17:10:00,J175_B2
F,NA,20180727,20180727,,,,,,,,J176_B2,,,,7.203389831,0,,-48,-48,-48,2_B2,,11:38:00,17:10:00,J176_B2
F,NA,20180727,20180727,,,,,,,,J177_B2,,,,7.203389831,0,,-48,-48,-48,2_B2,,11:41:00,17:10:00,J177_B2
F,NA,20180727,20180727,,,,,,,,J178_B2,,,,7.677966102,0,,-76,-76,-76,2_B2,,11:38:00,17:10:00,J178_B2
F,NA,20180727,20180727,,,,,,,,J179_B2,,,,7.186440678,0,,-47,-47,-47,2_B2,,11:43:00,17:10:00,J179_B2
F,NA,20180727,20180727,,,,,,,,J180_B2,,,,7.694915254,0,,-77,-77,-77,2_B2,,11:39:00,17:10:00,J180_B2
F,NA,NA,20180727,,,,,,,,J181_B2,,,,0,0,,0,0,0,2_B2,,NA,17:10:00,J181_B2
F,NA,20180727,20180727,,,,,,,,J182_B2,,,,7.694915254,0,,-77,-77,-77,2_B2,,11:41:00,17:10:00,J182_B2
F,NA,20180727,20180727,,,,,,,,J183_B2,,,,7.197740113,0,,-48,-48,-47,2_B2,,11:44:00,17:10:00,J183_B2
F,NA,20180727,20180727,,,,,,,,J184_B2,,,,7.186440678,0,,-47,-47,-47,2_B2,,11:48:00,17:10:00,J184_B2
F,NA,20180727,20180727,,,,,,,,J185_B2,,,,7.711864407,0,,-78,-78,-78,2_B2,,11:41:00,17:10:00,J185_B2
F,NA,20180727,20180727,,,,,,,,J186_B2,,,,7.203389831,0,,-48,-48,-48,2_B2,,11:51:00,17:10:00,J186_B2
F,NA,20180727,20180727,,,,,,,,J187_B2,,,,7.711864407,0,,-78,-78,-78,2_B2,,11:45:00,17:10:00,J187_B2
F,NA,20180727,20180727,,,,,,,,J188_B2,,,,7.711864407,0,,-78,-78,-78,2_B2,,11:47:00,17:10:00,J188_B2
F,NA,20180727,20180727,,,,,,,,J189_B2,,,,7.169491525,0,,-46,-46,-46,2_B2,,11:52:00,17:10:00,J189_B2
F,NA,20180727,20180727,,,,,,,,J190_B2,,,,7.711864407,0,,-78,-78,-78,2_B2,,11:48:00,17:10:00,J190_B2
F,NA,20180727,20180727,,,,,,,,J191_B2,,,,7.186440678,0,,-47,-47,-47,2_B2,,11:56:00,17:10:00,J191_B2
F,NA,20180727,20180727,,,,,,,,J192_B2,,,,7.186440678,0,,-47,-47,-47,2_B2,,11:56:00,17:10:00,J192_B2
F,NA,20180727,20180727,,,,,,,,J193_B2,,,,7.153409091,0,filter change 14:00,-46,-46,-46,3_B2,,14:04:00,17:10:00,J193_B2
F,NA,20180727,20180727,,,,,,,,J194_B2,,,,7.119318182,0,,-44,-44,-44,3_B2,,14:06:00,17:10:00,J194_B2
F,NA,NA,20180727,,,,,,,,J195_B2,,,,0,0,,0,0,0,3_B2,,NA,17:10:00,J195_B2
T,L18_L_20180727_B2_J196,20180727,20180727,,,,,,,,J196_B2,,,,7.681818182,19.8,,-77,-77,-77,3_B2,,15:36:00,17:30:00,J196_B2
F,NA,20180727,20180727,,,,,,,,J197_B2,,,,7.119318182,0,,-44,-44,-44,3_B2,,14:07:00,17:16:00,J197_B2
F,NA,20180727,20180727,,,,,,,,J198_B2,,,,7.647727273,0,,-75,-75,-75,3_B2,,14:09:00,17:16:00,J198_B2
F,NA,20180727,20180727,,,,,,,,J199_B2,,,,7.119318182,0,,-44,-44,-44,3_B2,,14:13:00,17:16:00,J199_B2
F,NA,20180727,20180727,,,,,,,,J200_B2,,,,7.630681818,0,,-74,-74,-74,3_B2,,14:09:00,17:16:00,J200_B2
T,L18_L_20180727_B2_J201,20180727,20180727,,,,,,,,J201_B2,,,,7.153409091,19.9,,-46,-46,-46,3_B2,,15:35:00,17:30:00,J201_B2
F,NA,20180727,20180727,,,,,,,,J202_B2,,,,7.664772727,0,,-76,-76,-76,3_B2,,14:10:00,17:16:00,J202_B2
F,NA,20180727,20180727,,,,,,,,J203_B2,,,,7.664772727,0,,-76,-76,-76,3_B2,,14:14:00,17:16:00,J203_B2
F,NA,20180727,20180727,,,,,,,,J204_B2,,,,7.136363636,0,,-45,-45,-45,3_B2,,14:13:00,17:16:00,J204_B2
F,NA,20180727,20180727,,,,,,,,J205_B2,,,,7.664772727,0,,-76,-76,-76,3_B2,,14:16:00,17:16:00,J205_B2
F,NA,20180727,20180727,,,,,,,,J206_B2,,,,7.676136364,0,,-77,-77,-76,3_B2,,14:19:00,17:16:00,J206_B2
F,NA,20180727,20180727,,,,,,,,J207_B2,,,,7.153409091,0,,-46,-46,-46,3_B2,,14:13:00,17:16:00,J207_B2
F,NA,20180727,20180727,,,,,,,,J208_B2,,,,7.142045455,0,,-46,-45,-45,3_B2,,14:14:00,17:16:00,J208_B2
F,NA,20180727,20180727,,,,,,,,J209_B2,,,,7.647727273,0,,-75,-75,-75,3_B2,,14:21:00,17:16:00,J209_B2
F,NA,20180727,20180727,,,,,,,,J210_B2,,,,7.153409091,0,,-46,-46,-46,3_B2,,14:18:00,17:16:00,J210_B2
F,NA,20180727,20180727,,,,,,,,J211_B2,,,,7.664772727,0,,-76,-76,-76,3_B2,,14:22:00,17:16:00,J211_B2
F,NA,20180727,20180727,,,,,,,,J212_B2,,,,7.170454545,0,,-47,-47,-47,3_B2,,14:20:00,17:16:00,J212_B2
F,NA,20180727,20180727,,,,,,,,J213_B2,,,,7.170454545,0,,-77,-77,-77,3_B2,,14:24:00,17:16:00,J213_B2
F,NA,20180727,20180727,,,,,,,,J214_B2,,,,0,0,,-47,-47,-47,3_B2,,14:21:00,17:16:00,J214_B2
F,NA,20180727,20180727,,,,,,,,J215_B2,,,,7.170454545,0,,-47,-47,-47,3_B2,,14:21:00,17:16:00,J215_B2
F,NA,20180727,20180727,,,,,,,,J216_B2,,,,7.664772727,0,,-76,-76,-76,3_B2,,14:27:00,17:16:00,J216_B2
F,NA,NA,20180727,,,,,,,,J217_B2,,,,0,0,,0,0,0,3_B2,,NA,17:16:00,J217_B2
F,NA,NA,20180727,,,,,,,,J218_B2,,,,0,0,,0,0,0,3_B2,,NA,17:16:00,J218_B2
F,NA,NA,20180727,,,,,,,,J219_B2,,,,0,0,,0,0,0,3_B2,,NA,17:16:00,J219_B2
F,NA,NA,20180727,,,,,,,,J220_B2,,,,0,0,,0,0,0,3_B2,,NA,17:16:00,J220_B2
F,NA,20180727,20180727,,,,,,,,J221_B2,,,,7.153409091,0,,-46,-46,-46,3_B2,,14:22:00,17:16:00,J221_B2
F,NA,20180727,20180727,,,,,,,,J222_B2,,,,7.681818182,0,,-77,-77,-77,3_B2,,14:28:00,17:16:00,J222_B2
T,L18_L_20180727_B2_J223,20180727,20180727,,,,,,,,J223_B2,,,,7.170454545,19.8,,-47,-47,-47,3_B2,,15:36:00,17:30:00,J223_B2
T,L18_L_20180727_B2_J224,20180727,20180727,,,,,,,,J224_B2,,,,7.681818182,19.9,,-77,-77,-77,3_B2,,15:43:00,17:30:00,J224_B2
F,NA,20180727,20180727,,,,,,,,J225_B2,,,,7.681818182,0,,-77,-77,-77,3_B2,,14:29:00,17:30:00,J225_B2
F,NA,20180727,20180727,,,,,,,,J226_B2,,,,7.170454545,0,,-47,-47,-47,3_B2,,14:26:00,17:20:00,J226_B2
T,L18_L_20180727_B2_J227,20180727,20180727,,,,,,,,J227_B2,,,,7.681818182,19.9,,-77,-77,-77,3_B2,,15:43:00,17:30:00,J227_B2
T,L18_L_20180727_B2_J228,20180727,20180727,,,,,,,,J228_B2,,,,7.159090909,19.6,,-47,-46,-46,3_B2,,15:36:00,17:30:00,J228_B2
F,NA,NA,20180727,,,,,,,,J229_B2,,,,0,0,,0,0,0,3_B2,,NA,17:20:00,J229_B2
F,NA,NA,20180727,,,,,,,,J230_B2,,,,0,0,,0,0,0,3_B2,,NA,17:20:00,J230_B2
F,NA,NA,20180727,,,,,,,,J231_B2,,,,0,0,,0,0,0,3_B2,,NA,17:20:00,J231_B2
F,NA,NA,20180727,,,,,,,,J232_B2,,,,0,0,,0,0,0,3_B2,,NA,17:20:00,J232_B2
F,NA,NA,20180727,,,,,,,,J233_B2,,,,0,0,,0,0,0,3_B2,,NA,17:20:00,J233_B2
T,L18_L_20180727_B2_J234,20180727,20180727,,,,,,,,J234_B2,,,,7.136363636,19.8,,-45,-45,-45,3_B2,,15:44:00,17:30:00,J234_B2
T,L18_L_20180727_B2_J235,20180727,20180727,,,,,,,,J235_B2,,,,7.647727273,19.8,Reagent grade formaldahyde used,-75,-75,-75,3_B2,,15:48:00,17:30:00,J235_B2
F,NA,20180727,20180727,,,,,,,,J236_B2,,,,7.170454545,0,,-47,-47,-47,3_B2,,14:28:00,17:20:00,J236_B2
F,NA,20180727,20180727,,,,,,,,J237_B2,,,,7.153409091,0,,-46,-46,-46,3_B2,,14:28:00,17:20:00,J237_B2
F,NA,20180727,20180727,,,,,,,,J238_B2,,,,7.681818182,0,,-77,-77,-77,3_B2,,14:33:00,17:20:00,J238_B2
F,NA,20180727,20180727,,,,,,,,J239_B2,,,,7.153409091,0,,-46,-46,-46,3_B2,,14:30:00,17:20:00,J239_B2
F,NA,20180727,20180727,,,,,,,,J240_B2,,,,7.693181818,0,,-78,-77,-78,3_B2,,14:34:00,17:20:00,J240_B2
F,NA,NA,20180727,,,,,,,,J241_B2,,,,0,0,,0,0,0,3_B2,,NA,17:20:00,J241_B2
F,NA,NA,20180727,,,,,,,,J242_B2,,,,0,0,,0,0,0,3_B2,,NA,17:20:00,J242_B2
F,NA,NA,20180727,,,,,,,,J243_B2,,,,0,0,,0,0,0,3_B2,,NA,17:20:00,J243_B2
F,NA,20180727,20180727,,,,,,,,J244_B2,,,,7.698863636,0,,-78,-78,-78,3_B2,,14:35:00,17:20:00,J244_B2
F,NA,NA,20180727,,,,,,,,J245_B2,,,,0,0,,0,0,0,3_B2,,NA,17:20:00,J245_B2
F,NA,NA,20180727,,,,,,,,J246_B2,,,,0,0,,0,0,0,3_B2,,NA,17:20:00,J246_B2
F,NA,20180727,20180727,,,,,,,,J247_B2,,,,7.698863636,0,,-78,-78,-78,3_B2,,14:40:00,17:20:00,J247_B2
F,NA,20180727,20180727,,,,,,,,J248_B2,,,,7.170454545,0,,-47,-47,-47,3_B2,,14:31:00,17:20:00,J248_B2
F,NA,20180727,20180727,,,,,,,,J249_B2,,,,7.698863636,0,,-78,-78,-78,3_B2,,14:41:00,17:20:00,J249_B2
F,NA,20180727,20180727,,,,,,,,J250_B2,,,,7.170454545,0,,-47,-47,-47,3_B2,,14:34:00,17:20:00,J250_B2
F,NA,20180727,20180727,,,,,,,,J251_B2,,,,7.681818182,0,,-77,-77,-77,3_B2,,14:47:00,17:20:00,J251_B2
F,NA,20180727,20180727,,,,,,,,J252_B2,,,,7.170454545,0,,-47,-47,-47,3_B2,,14:40:00,17:20:00,J252_B2
F,NA,NA,20180727,,,,,,,,J253_B2,,,,0,0,,0,0,0,3_B2,,NA,17:20:00,J253_B2
F,NA,NA,20180727,,,,,,,,J254_B2,,,,0,0,,0,0,0,3_B2,,NA,17:20:00,J254_B2
T,L18_L_20180727_B2_J255,20180727,20180727,,,,,,,,J255_B2,,,,7.153409091,20,Reagant grade formaldahyde used,-46,-46,-46,3_B2,,15:48:00,17:30:00,J255_B2
F,NA,NA,20180727,,,,,,,,J256_B2,,,,0,0,,0,0,0,3_B2,,NA,17:20:00,J256_B2
F,NA,20180727,20180727,,,,,,,,J257_B2,,,,7.170454545,0,,-47,-47,-47,3_B2,,14:41:00,17:20:00,J257_B2
F,NA,20180727,20180727,,,,,,,,J258_B2,,,,7.693181818,0,,-77,-78,-78,3_B2,,14:50:00,17:20:00,J258_B2
F,NA,20180727,20180727,,,,,,,,J259_B2,,,,7.170454545,0,,-47,-47,-47,3_B2,,14:43:00,17:20:00,J259_B2
F,NA,NA,20180727,,,,,,,,J260_B2,,,,0,0,,0,0,0,3_B2,,NA,17:20:00,J260_B2
F,NA,20180727,20180727,,,,,,,,J261_B2,,,,7.681818182,0,,-77,-77,-77,3_B2,,14:51:00,17:20:00,J261_B2
F,NA,20180727,20180727,,,,,,,,J262_B2,,,,7.698863636,0,,-78,-78,-78,3_B2,,14:52:00,17:20:00,J262_B2
F,NA,20180727,20180727,,,,,,,,J263_B2,,,,7.170454545,0,,-47,-47,-47,3_B2,,14:43:00,17:20:00,J263_B2
F,NA,20180727,20180727,,,,,,,,J264_B2,,,,7.698863636,0,,-78,-78,-78,3_B2,,14:55:00,,J264_B2
F,NA,NA,20180727,,,,,,,,J265_B2,,,,0,0,,0,0,0,3_B2,,NA,17:20:00,J265_B2
F,NA,NA,20180727,,,,,,,,J266_B2,,,,0,0,,0,0,0,3_B2,,NA,17:20:00,J266_B2
F,NA,20180727,20180727,,,,,,,,J267_B2,,,,7.176136364,0,,-47,-47,-48,3_B2,,14:45:00,17:20:00,J267_B2
F,NA,20180727,20180727,,,,,,,,J268_B2,,,,7.170454545,0,,-47,-47,-47,3_B2,,14:48:00,17:26:00,J268_B2
F,NA,20180727,20180727,,,,,,,,J269_B2,,,,7.698863636,0,,-78,-78,-78,3_B2,,14:45:00,17:26:00,J269_B2
F,NA,20180727,20180727,,,,,,,,J270_B2,,,,7.170454545,0,,-47,-47,-47,3_B2,,14:49:00,17:26:00,J270_B2
F,NA,20180727,20180727,,,,,,,,J271_B2,,,,7.698863636,0,,-78,-78,-78,3_B2,,14:56:00,17:26:00,J271_B2
F,NA,20180727,20180727,,,,,,,,J272_B2,,,,7.170454545,0,,-47,-47,-47,3_B2,,14:50:00,17:26:00,J272_B2
F,NA,20180727,20180727,,,,,,,,J273_B2,,,,7.1875,0,,-48,-48,-48,3_B2,,14:53:00,17:26:00,J273_B2
F,NA,20180727,20180727,,,,,,,,J274_B2,,,,7.698863636,0,,-78,-78,-78,3_B2,,14:58:00,17:26:00,J274_B2
T,L18_L_20180727_B2_J275,20180727,20180727,,,,,,,,J275_B2,,,,7.698863636,20,,-78,-78,-78,3_B2,,15:49:00,17:30:00,J275_B2
F,NA,20180727,20180727,,,,,,,,J276_B2,,,,7.698863636,0,,-78,-78,-78,3_B2,,14:59:00,17:26:00,J276_B2
F,NA,NA,20180727,,,,,,,,J277_B2,,,,0,0,,0,0,0,3_B2,,NA,17:26:00,J277_B2
F,NA,20180727,20180727,,,,,,,,J278_B2,,,,7.170454545,0,,-47,-47,-47,3_B2,,14:55:00,17:26:00,J278_B2
F,NA,20180727,20180727,,,,,,,,J279_B2,,,,7.6875,0,,-78,-77,-77,3_B2,,15:01:00,17:26:00,J279_B2
F,NA,20180727,20180727,,,,,,,,J280_B2,,,,7.170454545,0,,-47,-47,-47,3_B2,,14:58:00,17:26:00,J280_B2
F,NA,20180727,20180727,,,,,,,,J281_B2,,,,7.647727273,0,,-75,-75,-75,3_B2,,15:02:00,17:26:00,J281_B2
T,L18_L_20180727_B2_J282,20180727,20180727,,,,,,,,J282_B2,,,,7.159090909,19.9,,-46,-46,-47,3_B2,,15:48:00,17:30:00,J282_B2
F,NA,20180727,20180727,,,,,,,,J283_B2,,,,7.170454545,0,,-47,-47,-47,3_B2,,14:59:00,17:26:00,J283_B2
F,NA,20180727,20180727,,,,,,,,J284_B2,,,,7.681818182,0,,-77,-77,-77,3_B2,,15:04:00,17:26:00,J284_B2
F,NA,20180727,20180727,,,,,,,,J285_B2,,,,7.698863636,0,,-78,-78,-78,3_B2,,15:05:00,17:26:00,J285_B2
F,NA,20180727,20180727,,,,,,,,J286_B2,,,,7.153409091,0,,-46,-46,-46,3_B2,,15:02:00,17:26:00,J286_B2
T,L18_L_20180727_B2_J287,20180727,20180727,,,,,,,,J287_B2,,,,7.681818182,20.1,,-77,-77,-77,3_B2,,15:36:00,17:30:00,J287_B2
F,NA,20180727,20180727,,,,,,,,J288_B2,,,,7.698863636,0,,-78,-78,-78,3_B2,,15:05:00,17:26:00,J288_B2
T,L18_L_20180727_B2_J289,20180727,NA,,,,,,,,J289_B2,,,,7.237288136,19.8,,-50,-50,-50,2_B2,,13:41:00,NA,J289_B2
T,L18_L_20180727_B2_J290,20180727,NA,,,,,,,,J290_B2,,,,7.694915254,19.6,,-77,-77,-77,2_B2,,13:41:00,NA,J290_B2
T,L18_L_20180727_B2_J291,20180727,NA,,,,,,,,J291_B2,,,,7.220338983,19.5,,-49,-49,-49,2_B2,,13:41:00,NA,J291_B2
T,L18_L_20180727_B2_J292,20180727,NA,,,,,,,,J292_B2,,,,7.694915254,19.6,,-77,-77,-77,2_B2,,13:41:00,NA,J292_B2
T,L18_L_20180727_B2_J293,20180727,NA,,,,,,,,J293_B2,,,,7.694915254,19.7,,-77,-77,-77,2_B2,,13:41:00,NA,J293_B2
T,L18_L_20180727_B2_J294,20180727,NA,,,,,,,,J294_B2,,,,7.203389831,19.6,,-48,-48,-48,2_B2,,13:41:00,NA,J294_B2
T,L18_L_20180727_B2_J295,20180727,NA,,,,,,,,J295_B2,,,,7.728813559,19.8,,-79,-79,-79,2_B2,,13:41:00,NA,J295_B2
T,L18_L_20180727_B2_J296,20180727,NA,,,,,,,,J296_B2,,,,7.220338983,19.6,,-49,-49,-49,2_B2,,13:41:00,NA,J296_B2
T,L18_L_20180727_B2_J297,20180727,NA,,,,,,,,J297_B2,,,,7.694915254,19.5,,-77,-77,-77,2_B2,,13:41:00,NA,J297_B2
T,L18_L_20180727_B2_J298,20180727,NA,,,,,,,,J298_B2,,,,7.694915254,19.7,,-77,-77,-77,2_B2,,13:41:00,NA,J298_B2
T,L18_L_20180727_B2_J299,20180727,NA,,,,,,,,J299_B2,,,,7.305084746,19.9,,-54,-54,-54,2_B2,,13:41:00,NA,J299_B2
T,L18_L_20180727_B2_J300,20180727,NA,,,,,,,,J300_B2,,,,7.220338983,20,,-49,-49,-49,2_B2,,13:41:00,NA,J300_B2
F,NA,20180810,20180810,,,,,,,,J001_B3,,,,7.72,0,,-79,-79,-79,1_B3,,08:58:00,16:12:00,J001_B3
F,NA,20180810,20180810,,,,,,,,J002_B3,,,,7.137142857,0,,-45,-45,-45,1_B3,,09:02:00,16:12:00,J002_B3
F,NA,20180810,20180810,,,,,,,,J003_B3,,,,7.685714286,0,,-77,-77,-77,1_B3,,09:05:00,16:12:00,J003_B3
F,NA,20180810,20180810,,,,,,,,J004_B3,,,,7.137142857,0,,-45,-45,-45,1_B3,,09:02:00,16:12:00,J004_B3
F,NA,20180810,20180810,,,,,,,,J005_B3,,,,7.685714286,0,,-77,-77,-77,1_B3,,09:09:00,16:12:00,J005_B3
F,NA,20180810,20180810,,,,,,,,J006_B3,,,,7.685714286,0,,-77,-77,-77,1_B3,,09:16:00,16:12:00,J006_B3
F,NA,20180810,20180810,,,,,,,,J007_B3,,,,7.154285714,0,,-46,-46,-46,1_B3,,09:09:00,16:12:00,J007_B3
F,NA,20180810,20180810,,,,,,,,J008_B3,,,,7.685714286,0,,-77,-77,-77,1_B3,,09:17:00,16:12:00,J008_B3
F,NA,20180810,20180810,,,,,,,,J009_B3,,,,7.137142857,0,,-45,-45,-45,1_B3,,09:11:00,16:12:00,J009_B3
F,NA,20180810,20180810,,,,,,,,J010_B3,,,,7.685714286,0,,-77,-77,-77,1_B3,,09:22:00,16:12:00,J010_B3
F,NA,20180810,20180810,,,,,,,,J011_B3,,,,7.137142857,0,,-45,-45,-45,1_B3,,09:20:00,16:12:00,J011_B3
F,NA,20180810,20180810,,,,,,,,J012_B3,,,,7.137142857,0,,-45,-45,-45,1_B3,,09:28:00,16:12:00,J012_B3
F,NA,20180810,20180810,,,,,,,,J013_B3,,,,7.137142857,0,,-45,-45,-45,1_B3,,09:28:00,16:12:00,J013_B3
F,NA,20180810,20180810,,,,,,,,J014_B3,,,,7.685714286,0,,-77,-77,-77,1_B3,,09:25:00,16:12:00,J014_B3
F,NA,20180810,20180810,,,,,,,,J015_B3,,,,7.102857143,0,,-43,-43,-43,1_B3,,09:38:00,16:12:00,J015_B3
F,NA,20180810,20180810,,,,,,,,J016_B3,,,,7.668571429,0,,-76,-76,-76,1_B3,,09:25:00,16:12:00,J016_B3
F,NA,20180810,20180810,,,,,,,,J017_B3,,,,7.137142857,0,,-45,-45,-45,1_B3,,09:43:00,16:12:00,J017_B3
F,NA,20180810,20180810,,,,,,,,J018_B3,,,,7.685714286,0,,-77,-77,-77,1_B3,,09:33:00,16:12:00,J018_B3
F,NA,20180810,20180810,,,,,,,,J019_B3,,,,7.702857143,0,,-78,-78,-78,1_B3,,09:33:00,16:12:00,J019_B3
F,NA,20180810,20180810,,,,,,,,J020_B3,,,,7.137142857,0,,-45,-45,-45,1_B3,,09:44:00,16:12:00,J020_B3
F,NA,20180810,20180810,,,,,,,,J021_B3,,,,7.685714286,0,,-77,-77,-77,1_B3,,09:36:00,16:12:00,J021_B3
F,NA,20180810,20180810,,,,,,,,J022_B3,,,,7.137142857,0,,-45,-45,-45,1_B3,,09:46:00,16:12:00,J022_B3
F,NA,20180810,20180810,,,,,,,,J023_B3,,,,7.685714286,0,,-77,-77,-77,1_B3,,09:45:00,16:12:00,J023_B3
F,NA,20180810,20180810,,,,,,,,J024_B3,,,,7.137142857,0,,-45,-45,-45,1_B3,,09:52:00,16:12:00,J024_B3
F,NA,20180810,20180810,,,,,,,,J025_B3,,,,7.685714286,0,,-77,-77,-77,1_B3,,09:52:00,16:12:00,J025_B3
F,NA,20180810,20180810,,,,,,,,J026_B3,,,,7.154285714,0,,-46,-46,-46,1_B3,,09:55:00,16:24:00,J026_B3
F,NA,20180810,20180810,,,,,,,,J027_B3,,,,7.702857143,0,,-78,-78,-78,1_B3,,09:54:00,16:24:00,J027_B3
F,NA,20180810,20180810,,,,,,,,J028_B3,,,,7.154285714,0,,-46,-46,-46,1_B3,,09:57:00,16:24:00,J028_B3
F,NA,20180810,20180810,,,,,,,,J029_B3,,,,7.137142857,0,,-45,-45,-45,1_B3,,10:02:00,16:24:00,J029_B3
F,NA,20180810,20180810,,,,,,,,J030_B3,,,,7.137142857,0,,-45,-45,-45,1_B3,,10:05:00,16:24:00,J030_B3
F,NA,20180810,20180810,,,,,,,,J031_B3,,,,7.685714286,0,,-77,-77,-77,1_B3,,10:05:00,16:24:00,J031_B3
F,NA,20180810,20180810,,,,,,,,J032_B3,,,,7.702857143,0,,-78,-78,-78,1_B3,,10:10:00,16:24:00,J032_B3
F,NA,20180810,20180810,,,,,,,,J033_B3,,,,7.154285714,0,,-46,-46,-46,1_B3,,10:11:00,16:24:00,J033_B3
F,NA,20180810,20180810,,,,,,,,J034_B3,,,,7.685714286,0,,-77,-77,-77,1_B3,,10:20:00,16:24:00,J034_B3
F,NA,20180810,20180810,,,,,,,,J035_B3,,,,7.137142857,0,,-45,-45,-45,1_B3,,10:13:00,16:24:00,J035_B3
F,NA,20180810,20180810,,,,,,,,J036_B3,,,,7.702857143,0,,-78,-78,-78,1_B3,,10:21:00,16:24:00,J036_B3
F,NA,20180810,20180810,,,,,,,,J037_B3,,,,7.148571429,0,,-46,-46,-45,1_B3,,10:16:00,16:24:00,J037_B3
F,NA,20180810,20180810,,,,,,,,J038_B3,,,,7.702857143,0,,-78,-78,-78,1_B3,,10:28:00,16:24:00,J038_B3
F,NA,20180810,20180810,,,,,,,,J039_B3,,,,7.137142857,0,,-45,-45,-45,1_B3,,10:20:00,16:24:00,J039_B3
F,NA,20180810,20180810,,,,,,,,J040_B3,,,,7.702857143,0,,-78,-78,-78,1_B3,,10:29:00,16:24:00,J040_B3
F,NA,20180810,20180810,,,,,,,,J041_B3,,,,7.685714286,0,,-77,-77,-77,1_B3,,10:34:00,16:24:00,J041_B3
F,NA,20180810,20180810,,,,,,,,J042_B3,,,,7.137142857,0,,-45,-45,-45,1_B3,,10:24:00,16:24:00,J042_B3
F,NA,20180810,20180810,,,,,,,,J043_B3,,,,7.137142857,0,,-45,-45,-45,1_B3,,10:24:00,16:24:00,J043_B3
F,NA,20180810,20180810,,,,,,,,J044_B3,,,,7.685714286,0,,-77,-77,-77,1_B3,,10:40:00,16:24:00,J044_B3
F,NA,20180810,20180810,,,,,,,,J045_B3,,,,7.137142857,0,10:45 switched filters,-45,-45,-45,1_B3,,10:29:00,16:24:00,J045_B3
F,NA,20180810,20180810,,,,,,,,J046_B3,,,,7.702857143,0,,-78,-78,-78,1_B3,,10:43:00,16:24:00,J046_B3
F,NA,20180810,20180810,,,,,,,,J047_B3,,,,7.668571429,0,,-76,-76,-76,1_B3,,10:49:00,16:24:00,J047_B3
F,NA,20180810,20180810,,,,,,,,J048_B3,,,,7.137142857,0,,-45,-45,-45,1_B3,,10:32:00,16:24:00,J048_B3
F,NA,NA,20180810,,,,,,,,J049_B3,,,,0,0,,0,0,0,NA,,NA,NA,J049_B3
F,NA,20180810,20180810,,,,,,,,J050_B3,,,,7.137142857,0,,-45,-45,-45,1_B3,,10:31:00,16:24:00,J050_B3
F,NA,20180810,20180810,,,,,,,,J051_B3,,,,7.685714286,0,,-77,-77,-77,1_B3,,10:49:00,16:24:00,J051_B3
F,NA,20180810,20180810,,,,,,,,J052_B3,,,,7.137142857,0,,-45,-45,-45,1_B3,,10:37:00,16:18:00,J052_B3
F,NA,20180810,20180810,,,,,,,,J053_B3,,,,7.702857143,0,,-78,-78,-78,1_B3,,10:56:00,16:18:00,J053_B3
F,NA,20180810,20180810,,,,,,,,J054_B3,,,,7.685714286,0,,-77,-77,-77,1_B3,,11:03:00,16:18:00,J054_B3
F,NA,NA,20180810,,,,,,,,J055_B3,,,,0,0,,0,0,0,NA,,NA,NA,J055_B3
F,NA,20180810,20180810,,,,,,,,J056_B3,,,,7.12,0,,-44,-44,-44,1_B3,,10:44:00,16:18:00,J056_B3
F,NA,NA,20180810,,,,,,,,J057_B3,,,,0,0,,0,0,0,NA,,NA,NA,J057_B3
F,NA,20180810,20180810,,,,,,,,J058_B3,,,,7.137142857,0,,-45,-45,-45,1_B3,,10:53:00,16:18:00,J058_B3
F,NA,20180810,20180810,,,,,,,,J059_B3,,,,7.685714286,0,,-77,-77,-77,1_B3,,11:04:00,16:18:00,J059_B3
F,NA,NA,20180810,,,,,,,,J060_B3,,,,0,0,,0,0,0,NA,,NA,NA,J060_B3
F,NA,NA,20180810,,,,,,,,J061_B3,,,,0,0,,0,0,0,NA,,NA,NA,J061_B3
F,NA,NA,20180810,,,,,,,,J062_B3,,,,0,0,,0,0,0,NA,,NA,NA,J062_B3
F,NA,NA,20180810,,,,,,,,J063_B3,,,,0,0,,0,0,0,NA,,NA,NA,J063_B3
F,NA,NA,20180810,,,,,,,,J064_B3,,,,0,0,,0,0,0,NA,,NA,NA,J064_B3
F,NA,NA,20180810,,,,,,,,J065_B3,,,,0,0,,0,0,0,NA,,NA,NA,J065_B3
F,NA,NA,20180810,,,,,,,,J066_B3,,,,0,0,,0,0,0,NA,,NA,NA,J066_B3
F,NA,NA,20180810,,,,,,,,J067_B3,,,,0,0,,0,0,0,NA,,NA,NA,J067_B3
F,NA,NA,20180810,,,,,,,,J068_B3,,,,0,0,,0,0,0,NA,,NA,NA,J068_B3
F,NA,NA,20180810,,,,,,,,J069_B3,,,,0,0,,0,0,0,NA,,NA,NA,J069_B3
F,NA,NA,20180810,,,,,,,,J070_B3,,,,0,0,,0,0,0,NA,,NA,NA,J070_B3
F,NA,NA,20180810,,,,,,,,J071_B3,,,,0,0,,0,0,0,NA,,NA,NA,J071_B3
F,NA,NA,20180810,,,,,,,,J072_B3,,,,0,0,,0,0,0,NA,,NA,NA,J072_B3
F,NA,NA,20180810,,,,,,,,J073_B3,,,,0,0,,0,0,0,NA,,NA,NA,J073_B3
F,NA,NA,20180810,,,,,,,,J074_B3,,,,0,0,,0,0,0,NA,,NA,NA,J074_B3
F,NA,NA,20180810,,,,,,,,J075_B3,,,,0,0,,0,0,0,NA,,NA,NA,J075_B3
F,NA,NA,20180810,,,,,,,,J076_B3,,,,0,0,,0,0,0,NA,,NA,NA,J076_B3
F,NA,NA,20180810,,,,,,,,J077_B3,,,,0,0,,0,0,0,NA,,NA,NA,J077_B3
F,NA,NA,20180810,,,,,,,,J078_B3,,,,0,0,,0,0,0,NA,,NA,NA,J078_B3
F,NA,NA,20180810,,,,,,,,J079_B3,,,,0,0,,0,0,0,NA,,NA,NA,J079_B3
F,NA,NA,20180810,,,,,,,,J080_B3,,,,0,0,,0,0,0,NA,,NA,NA,J080_B3
F,NA,NA,20180810,,,,,,,,J081_B3,,,,0,0,,0,0,0,NA,,NA,NA,J081_B3
F,NA,NA,20180810,,,,,,,,J082_B3,,,,0,0,,0,0,0,NA,,NA,NA,J082_B3
F,NA,NA,20180810,,,,,,,,J083_B3,,,,0,0,,0,0,0,NA,,NA,NA,J083_B3
F,NA,20180810,20180810,,,,,,,,J084_B3,,,,7.137142857,0,,-45,-45,-45,1_B3,,11:02:00,16:18:00,J084_B3
F,NA,NA,20180810,,,,,,,,J085_B3,,,,0,0,,0,0,0,NA,,NA,NA,J085_B3
F,NA,NA,20180810,,,,,,,,J086_B3,,,,0,0,,0,0,0,NA,,NA,NA,J086_B3
F,NA,NA,20180810,,,,,,,,J087_B3,,,,0,0,,0,0,0,NA,,NA,NA,J087_B3
F,NA,NA,20180810,,,,,,,,J088_B3,,,,0,0,,0,0,0,NA,,NA,NA,J088_B3
F,NA,NA,20180810,,,,,,,,J089_B3,,,,0,0,,0,0,0,NA,,NA,NA,J089_B3
F,NA,NA,20180810,,,,,,,,J090_B3,,,,0,0,,0,0,0,NA,,NA,NA,J090_B3
F,NA,NA,20180810,,,,,,,,J091_B3,,,,0,0,,0,0,0,NA,,NA,NA,J091_B3
F,NA,NA,20180810,,,,,,,,J092_B3,,,,0,0,,0,0,0,NA,,NA,NA,J092_B3
F,NA,NA,20180810,,,,,,,,J093_B3,,,,0,0,,0,0,0,NA,,NA,NA,J093_B3
F,NA,NA,20180810,,,,,,,,J094_B3,,,,0,0,,0,0,0,NA,,NA,NA,J094_B3
F,NA,NA,20180810,,,,,,,,J095_B3,,,,0,0,,0,0,0,NA,,NA,NA,J095_B3
F,NA,20180810,20180810,,,,,,,,J096_B3,,,,7.685714286,0,,-77,-77,-77,1_B3,,11:10:00,16:18:00,J096_B3
F,NA,20180810,20180810,,,,,,,,J097_B3,,,,7.12,0,,-44,-44,-44,1_B3,,11:05:00,16:18:00,J097_B3
F,NA,20180810,20180810,,,,,,,,J098_B3,,,,7.668571429,0,,-76,-76,-76,1_B3,,11:10:00,16:18:00,J098_B3
F,NA,20180810,20180810,,,,,,,,J099_B3,,,,7.137142857,0,,-45,-45,-45,1_B3,,11:09:00,16:18:00,J099_B3
F,NA,20180810,20180810,,,,,,,,J100_B3,,,,7.668571429,0,,-76,-76,-76,1_B3,,11:14:00,16:18:00,J100_B3
F,NA,20180810,20180810,,,,,,,,J101_B3,,,,7.154285714,0,,-46,-46,-46,1_B3,,11:13:00,16:18:00,J101_B3
F,NA,20180810,20180810,,,,,,,,J102_B3,,,,7.685714286,0,,-77,-77,-77,1_B3,,11:20:00,16:18:00,J102_B3
F,NA,20180810,20180810,,,,,,,,J103_B3,,,,7.154285714,0,,-46,-46,-46,1_B3,,11:17:00,16:18:00,J103_B3
F,NA,20180810,20180810,,,,,,,,J104_B3,,,,7.685714286,0,,-77,-77,-77,1_B3,,11:23:00,16:18:00,J104_B3
F,NA,20180810,20180810,,,,,,,,J105_B3,,,,7.137142857,0,,-45,-45,-45,1_B3,,11:23:00,16:18:00,J105_B3
F,NA,20180810,20180810,,,,,,,,J106_B3,,,,7.685714286,0,,-77,-77,-77,1_B3,,11:26:00,16:18:00,J106_B3
F,NA,20180810,20180810,,,,,,,,J107_B3,,,,7.685714286,0,,-77,-77,-77,1_B3,,11:28:00,16:18:00,J107_B3
F,NA,20180810,20180810,,,,,,,,J108_B3,,,,7.137142857,0,,-45,-45,-45,1_B3,,11:25:00,16:18:00,J108_B3
F,NA,20180810,20180810,,,,,,,,J109_B3,,,,7.12,0,,-44,-44,-44,1_B3,,11:32:00,16:18:00,J109_B3
F,NA,20180810,20180810,,,,,,,,J110_B3,,,,7.685714286,0,,-77,-77,-77,2_B3,,11:35:00,16:18:00,J110_B3
F,NA,20180810,20180810,,,,,,,,J111_B3,,,,7.651428571,0,,-75,-75,-75,2_B3,,11:37:00,16:18:00,J111_B3
F,NA,20180810,20180810,,,,,,,,J112_B3,,,,7.137142857,0,,-45,-45,-45,2_B3,,11:35:00,16:18:00,J112_B3
F,NA,20180810,20180810,,,,,,,,J113_B3,,,,7.685714286,0,,-77,-77,-77,2_B3,,11:38:00,16:18:00,J113_B3
F,NA,20180810,20180810,,,,,,,,J114_B3,,,,7.137142857,0,,-45,-45,-45,2_B3,,11:43:00,16:30:00,J114_B3
F,NA,20180810,20180810,,,,,,,,J115_B3,,,,7.657142857,0,,-76,-75,-75,2_B3,,11:43:00,16:30:00,J115_B3
F,NA,20180810,20180810,,,,,,,,J116_B3,,,,7.137142857,0,,-45,-45,-45,2_B3,,11:43:00,16:30:00,J116_B3
F,NA,20180810,20180810,,,,,,,,J117_B3,,,,7.685714286,0,,-77,-77,-77,2_B3,,11:46:00,16:30:00,J117_B3
F,NA,20180810,20180810,,,,,,,,J118_B3,,,,7.142857143,0,,-46,-45,-45,2_B3,,11:49:00,16:30:00,J118_B3
F,NA,20180810,20180810,,,,,,,,J119_B3,,,,7.154285714,0,,-46,-46,-46,2_B3,,11:52:00,16:30:00,J119_B3
F,NA,20180810,20180810,,,,,,,,J120_B3,,,,7.685714286,0,,-77,-77,-77,2_B3,,11:47:00,16:30:00,J120_B3
F,NA,20180810,20180810,,,,,,,,J121_B3,,,,7.685714286,0,,-77,-77,-77,2_B3,,11:52:00,16:30:00,J121_B3
F,NA,20180810,20180810,,,,,,,,J122_B3,,,,7.154285714,0,,-46,-46,-46,2_B3,,11:59:00,16:30:00,J122_B3
F,NA,20180810,20180810,,,,,,,,J123_B3,,,,7.154285714,0,,-46,-46,-46,2_B3,,12:00:00,16:30:00,J123_B3
F,NA,20180810,20180810,,,,,,,,J124_B3,,,,7.685714286,0,,-77,-77,-77,2_B3,,11:56:00,16:30:00,J124_B3
F,NA,20180810,20180810,,,,,,,,J125_B3,,,,7.154285714,0,,-46,-46,-46,2_B3,,12:08:00,16:30:00,J125_B3
F,NA,20180810,20180810,,,,,,,,J126_B3,,,,7.685714286,0,,-77,-77,-77,2_B3,,11:59:00,16:30:00,J126_B3
F,NA,20180810,20180810,,,,,,,,J127_B3,,,,7.154285714,0,,-46,-46,-46,2_B3,,12:08:00,16:30:00,J127_B3
F,NA,20180810,20180810,,,,,,,,J128_B3,,,,7.685714286,0,,-77,-77,-77,2_B3,,12:00:00,16:30:00,J128_B3
F,NA,20180810,20180810,,,,,,,,J129_B3,,,,7.651428571,0,,-75,-75,-75,2_B3,,12:04:00,16:30:00,J129_B3
F,NA,20180810,20180810,,,,,,,,J130_B3,,,,7.137142857,0,,-45,-45,-45,2_B3,,12:17:00,16:30:00,J130_B3
F,NA,20180810,20180810,,,,,,,,J131_B3,,,,7.685714286,0,,-77,-77,-77,2_B3,,12:09:00,16:30:00,J131_B3
F,NA,20180810,20180810,,,,,,,,J132_B3,,,,7.154285714,0,,-46,-46,-46,2_B3,,13:17:00,16:30:00,J132_B3
F,NA,20180810,20180810,,,,,,,,J133_B3,,,,7.685714286,0,,-77,-77,-77,2_B3,,12:10:00,16:30:00,J133_B3
F,NA,20180810,20180810,,,,,,,,J134_B3,,,,7.137142857,0,,-45,-45,-45,2_B3,,13:21:00,16:30:00,J134_B3
F,NA,20180810,20180810,,,,,,,,J135_B3,,,,7.702857143,0,,-78,-78,-78,2_B3,,12:12:00,16:30:00,J135_B3
F,NA,NA,20180810,,,,,,,,J136_B3,,,,0,0,,0,0,0,NA,,NA,NA,J136_B3
F,NA,20180810,20180810,,,,,,,,J137_B3,,,,7.154285714,0,,-46,-46,-46,2_B3,,13:28:00,16:30:00,J137_B3
F,NA,20180810,20180810,,,,,,,,J138_B3,,,,7.702857143,0,,-78,-78,-78,2_B3,,12:15:00,16:30:00,J138_B3
F,NA,20180810,20180810,,,,,,,,J139_B3,,,,7.685714286,0,,-77,-77,-77,2_B3,,12:19:00,16:30:00,J139_B3
F,NA,20180810,20180810,,,,,,,,J140_B3,,,,7.137142857,0,,-45,-45,-45,2_B3,,13:31:00,16:37:00,J140_B3
F,NA,20180810,20180810,,,,,,,,J141_B3,,,,7.137142857,0,,-45,-45,-45,2_B3,,13:32:00,16:37:00,J141_B3
F,NA,20180810,20180810,,,,,,,,J142_B3,,,,7.68,0,,-76,-77,-77,2_B3,,13:20:00,16:37:00,J142_B3
F,NA,20180810,20180810,,,,,,,,J143_B3,,,,7.154285714,0,filter dropped on lap before put into falcon tube,-46,-46,-46,2_B3,,13:36:00,16:37:00,J143_B3
F,NA,20180810,20180810,,,,,,,,J144_B3,,,,7.685714286,0,,-77,-77,-77,2_B3,,13:23:00,16:37:00,J144_B3
F,NA,NA,20180810,,,,,,,,J145_B3,,,,0,0,,0,0,0,NA,,NA,NA,J145_B3
F,NA,NA,20180810,,,,,,,,J146_B3,,,,0,0,,0,0,0,NA,,NA,NA,J146_B3
F,NA,NA,20180810,,,,,,,,J147_B3,,,,0,0,,0,0,0,NA,,NA,NA,J147_B3
F,NA,NA,20180810,,,,,,,,J148_B3,,,,0,0,,0,0,0,NA,,NA,NA,J148_B3
F,NA,NA,20180810,,,,,,,,J149_B3,,,,0,0,,0,0,0,NA,,NA,NA,J149_B3
F,NA,NA,20180810,,,,,,,,J150_B3,,,,0,0,,0,0,0,NA,,NA,NA,J150_B3
F,NA,NA,20180810,,,,,,,,J151_B3,,,,0,0,,0,0,0,NA,,NA,NA,J151_B3
F,NA,NA,20180810,,,,,,,,J152_B3,,,,0,0,,0,0,0,NA,,NA,NA,J152_B3
F,NA,NA,20180810,,,,,,,,J153_B3,,,,0,0,,0,0,0,NA,,NA,NA,J153_B3
F,NA,NA,20180810,,,,,,,,J154_B3,,,,0,0,,0,0,0,NA,,NA,NA,J154_B3
F,NA,NA,20180810,,,,,,,,J155_B3,,,,0,0,,0,0,0,NA,,NA,NA,J155_B3
F,NA,20180810,20180810,,,,,,,,J156_B3,,,,7.685714286,0,,-77,-77,-77,2_B3,,13:28:00,16:37:00,J156_B3
F,NA,NA,20180810,,,,,,,,J157_B3,,,,0,0,,0,0,0,NA,,NA,NA,J157_B3
F,NA,NA,20180810,,,,,,,,J158_B3,,,,0,0,,0,0,0,NA,,NA,NA,J158_B3
F,NA,NA,20180810,,,,,,,,J159_B3,,,,0,0,,0,0,0,NA,,NA,NA,J159_B3
F,NA,NA,20180810,,,,,,,,J160_B3,,,,0,0,,0,0,0,NA,,NA,NA,J160_B3
F,NA,20180810,20180810,,,,,,,,J161_B3,,,,7.148571429,0,,-46,-46,-45,2_B3,,13:39:00,16:37:00,J161_B3
F,NA,20180810,20180810,,,,,,,,J162_B3,,,,7.685714286,0,,-77,-77,-77,2_B3,,13:34:00,16:37:00,J162_B3
F,NA,NA,20180810,,,,,,,,J163_B3,,,,0,0,,0,0,0,NA,,NA,NA,J163_B3
F,NA,20180810,20180810,,,,,,,,J164_B3,,,,7.142857143,0,,-46,-45,-45,2_B3,,13:39:00,16:37:00,J164_B3
F,NA,NA,20180810,,,,,,,,J165_B3,,,,0,0,,0,0,0,NA,,NA,NA,J165_B3
F,NA,NA,20180810,,,,,,,,J166_B3,,,,0,0,,0,0,0,NA,,NA,NA,J166_B3
F,NA,NA,20180810,,,,,,,,J167_B3,,,,0,0,,0,0,0,NA,,NA,NA,J167_B3
F,NA,20180810,20180810,,,,,,,,J168_B3,,,,7.142857143,0,,-45,-45,-46,2_B3,,13:46:00,NA,J168_B3
F,NA,NA,20180810,,,,,,,,J169_B3,,,,0,0,,0,0,0,NA,,NA,NA,J169_B3
F,NA,NA,20180810,,,,,,,,J170_B3,,,,0,0,,0,0,0,NA,,NA,NA,J170_B3
F,NA,NA,20180810,,,,,,,,J171_B3,,,,0,0,,0,0,0,NA,,NA,NA,J171_B3
F,NA,NA,20180810,,,,,,,,J172_B3,,,,0,0,,0,0,0,NA,,NA,NA,J172_B3
F,NA,NA,20180810,,,,,,,,J173_B3,,,,0,0,,0,0,0,NA,,NA,NA,J173_B3
F,NA,NA,20180810,,,,,,,,J174_B3,,,,0,0,,0,0,0,NA,,NA,NA,J174_B3
F,NA,NA,20180810,,,,,,,,J175_B3,,,,0,0,,0,0,0,NA,,NA,NA,J175_B3
F,NA,NA,20180810,,,,,,,,J176_B3,,,,0,0,,0,0,0,NA,,NA,NA,J176_B3
F,NA,20180810,20180810,,,,,,,,J177_B3,,,,7.137142857,0,,-45,-45,-45,2_B3,,13:49:00,16:37:00,J177_B3
F,NA,20180810,20180810,,,,,,,,J178_B3,,,,7.691428571,0,,-77,-77,-78,2_B3,,13:56:00,16:37:00,J178_B3
F,NA,20180810,20180810,,,,,,,,J179_B3,,,,7.142857143,0,,-45,-45,-46,2_B3,,14:04:00,16:37:00,J179_B3
F,NA,20180810,20180810,,,,,,,,J180_B3,,,,7.685714286,0,,-77,-77,-77,2_B3,,13:55:00,16:37:00,J180_B3
F,NA,NA,20180810,,,,,,,,J181_B3,,,,0,0,,0,0,0,NA,,NA,NA,J181_B3
F,NA,NA,20180810,,,,,,,,J182_B3,,,,0,0,,0,0,0,NA,,NA,NA,J182_B3
F,NA,NA,20180810,,,,,,,,J183_B3,,,,0,0,,0,0,0,NA,,NA,NA,J183_B3
F,NA,NA,20180810,,,,,,,,J184_B3,,,,0,0,,0,0,0,NA,,NA,NA,J184_B3
F,NA,NA,20180810,,,,,,,,J185_B3,,,,0,0,,0,0,0,NA,,NA,NA,J185_B3
F,NA,NA,20180810,,,,,,,,J186_B3,,,,0,0,,0,0,0,NA,,NA,NA,J186_B3
F,NA,20180810,20180810,,,,,,,,J187_B3,,,,7.668571429,0,,-76,-76,-76,2_B3,,14:02:00,16:37:00,J187_B3
F,NA,20180810,20180810,,,,,,,,J188_B3,,,,7.142857143,0,,-46,-45,-45,2_B3,,13:55:00,16:37:00,J188_B3
F,NA,20180810,20180810,,,,,,,,J189_B3,,,,7.685714286,0,,-77,-77,-77,2_B3,,14:00:00,16:37:00,J189_B3
F,NA,20180810,20180810,,,,,,,,J190_B3,,,,7.154285714,0,,-46,-46,-46,2_B3,,13:56:00,16:37:00,J190_B3
F,NA,20180810,20180810,,,,,,,,J191_B3,,,,7.685714286,0,,-77,-77,-77,2_B3,,14:10:00,16:37:00,J191_B3
F,NA,20180810,20180810,,,,,,,,J192_B3,,,,7.137142857,0,,-45,-45,-45,2_B3,,14:08:00,16:37:00,J192_B3
F,NA,20180810,20180810,,,,,,,,J193_B3,,,,7.137142857,0,,-45,-45,-45,3_B3,,14:19:00,16:37:00,J193_B3
F,NA,20180810,20180810,,,,,,,,J194_B3,,,,7.685714286,0,,-77,-77,-77,3_B3,,14:21:00,16:37:00,J194_B3
F,NA,20180810,20180810,,,,,,,,J195_B3,,,,7.137142857,0,,-45,-45,-45,3_B3,,14:20:00,16:37:00,J195_B3
F,NA,20180810,20180810,,,,,,,,J196_B3,,,,7.685714286,0,,-77,-77,-77,3_B3,,14:26:00,16:37:00,J196_B3
T,L18_L_20180810_B3_J197,20180810,20180810,,,,,,,,J197_B3,,,,7.154285714,19.9,,-46,-46,-46,3_B3,,16:18:00,16:37:00,J197_B3
T,L18_L_20180810_B3_J198,20180810,20180810,,,,,,,,J198_B3,,,,7.154285714,19.8,,-46,-46,-46,3_B3,,16:18:00,16:43:00,J198_B3
T,L18_L_20180810_B3_J199,20180810,20180810,,,,,,,,J199_B3,,,,7.668571429,19.8,,-76,-76,-76,3_B3,,16:18:00,16:56:00,J199_B3
T,L18_L_20180810_B3_J200,20180810,20180810,,,,,,,,J200_B3,,,,7.154285714,19.9,,-46,-46,-46,3_B3,,16:25:00,16:56:00,J200_B3
F,NA,NA,20180810,,,,,,,,J201_B3,,,,0,0,,0,0,0,NA,,NA,NA,J201_B3
F,NA,NA,20180810,,,,,,,,J202_B3,,,,0,0,,0,0,0,NA,,NA,NA,J202_B3
T,L18_L_20180810_B3_J203,20180810,20180810,,,,,,,,J203_B3,,,,7.685714286,19.9,,-77,-77,-77,3_B3,,16:18:00,16:43:00,J203_B3
F,NA,NA,20180810,,,,,,,,J204_B3,,,,0,0,,0,0,0,NA,,NA,NA,J204_B3
F,NA,20180810,20180810,,,,,,,,J205_B3,,,,7.702857143,0,,-78,-78,-78,3_B3,,14:26:00,16:43:00,J205_B3
F,NA,20180810,20180810,,,,,,,,J206_B3,,,,7.154285714,0,,-46,-46,-46,3_B3,,14:26:00,16:43:00,J206_B3
F,NA,20180810,20180810,,,,,,,,J207_B3,,,,7.702857143,0,,-78,-78,-78,3_B3,,14:33:00,16:43:00,J207_B3
F,NA,NA,20180810,,,,,,,,J208_B3,,,,0,0,,0,0,0,NA,,NA,NA,J208_B3
F,NA,20180810,20180810,,,,,,,,J209_B3,,,,7.137142857,0,,-45,-45,-45,3_B3,,14:30:00,16:43:00,J209_B3
F,NA,20180810,20180810,,,,,,,,J210_B3,,,,0,0,ph value not taken,0,0,0,3_B3,,14:15:00,NA,J210_B3
T,L18_L_20180810_B3_J211,20180810,20180810,,,,,,,,J211_B3,,,,7.171428571,19.9,,-47,-47,-47,3_B3,,14:11:00,16:43:00,J211_B3
T,L18_L_20180810_B3_J212,20180810,20180810,,,,,,,,J212_B3,,,,7.737142857,19.8,,-80,-80,-80,3_B3,,16:21:00,16:43:00,J212_B3
F,NA,20180810,20180810,,,,,,,,J213_B3,,,,7.154285714,0,,-46,-46,-46,3_B3,,14:43:00,16:43:00,J213_B3
F,NA,20180810,20180810,,,,,,,,J214_B3,,,,7.702857143,0,,-78,-78,-78,3_B3,,14:34:00,NA,J214_B3
F,NA,NA,20180810,,,,,,,,J215_B3,,,,0,0,,0,0,0,NA,,NA,NA,J215_B3
T,L18_L_20180810_B3_J216,20180810,20180810,,,,,,,,J216_B3,,,,7.171428571,19.8,,-47,-47,-47,3_B3,,16:31:00,16:43:00,J216_B3
F,NA,NA,20180810,,,,,,,,J217_B3,,,,0,0,,0,0,0,NA,,NA,NA,J217_B3
F,NA,20180810,20180810,,,,,,,,J218_B3,,,,7.148571429,0,,-46,-46,-45,3_B3,,14:44:00,16:43:00,J218_B3
F,NA,20180810,20180810,,,,,,,,J219_B3,,,,7.702857143,0,,-78,-78,-78,3_B3,,14:39:00,16:43:00,J219_B3
F,NA,NA,20180810,,,,,,,,J220_B3,,,,0,0,,0,0,0,NA,,NA,NA,J220_B3
F,NA,20180810,20180810,,,,,,,,J221_B3,,,,7.171428571,0,,-47,-47,-47,3_B3,,14:53:00,16:43:00,J221_B3
F,NA,20180810,20180810,,,,,,,,J222_B3,,,,7.702857143,0,2:49:00 PM filters switched out,-78,-78,-78,3_B3,,14:42:00,16:43:00,J222_B3
F,NA,NA,20180810,,,,,,,,J223_B3,,,,0,0,,0,0,0,NA,,NA,NA,J223_B3
F,NA,NA,20180810,,,,,,,,J224_B3,,,,0,0,,0,0,0,NA,,NA,NA,J224_B3
F,NA,NA,20180810,,,,,,,,J225_B3,,,,0,0,,0,0,0,NA,,NA,NA,J225_B3
F,NA,NA,20180810,,,,,,,,J226_B3,,,,0,0,,0,0,0,NA,,NA,NA,J226_B3
F,NA,NA,20180810,,,,,,,,J227_B3,,,,0,0,,0,0,0,NA,,NA,NA,J227_B3
T,L18_L_20180810_B3_J228,20180810,20180810,,,,,,,,J228_B3,,,,7.702857143,19.9,,-78,-78,-78,3_B3,,16:25:00,16:43:00,J228_B3
F,NA,NA,20180810,,,,,,,,J229_B3,,,,0,0,,0,0,0,NA,,NA,NA,J229_B3
F,NA,NA,20180810,,,,,,,,J230_B3,,,,0,0,,0,0,0,NA,,NA,NA,J230_B3
F,NA,20180810,20180810,,,,,,,,J231_B3,,,,7.154285714,0,,-46,-46,-46,3_B3,,15:02:00,16:43:00,J231_B3
T,L18_L_20180810_B3_J232,20180810,20180810,,,,,,,,J232_B3,,,,7.702857143,19.8,,-78,-78,-78,3_B3,,16:33:00,16:43:00,J232_B3
F,NA,20180810,20180810,,,,,,,,J233_B3,,,,7.702857143,0,,-78,-78,-78,3_B3,,14:47:00,16:43:00,J233_B3
F,NA,20180810,20180810,,,,,,,,J234_B3,,,,7.171428571,0,,-47,-47,-47,3_B3,,15:09:00,16:43:00,J234_B3
F,NA,NA,20180810,,,,,,,,J235_B3,,,,0,0,,0,0,0,NA,,NA,NA,J235_B3
F,NA,NA,20180810,,,,,,,,J236_B3,,,,0,0,,0,0,0,NA,,NA,NA,J236_B3
F,NA,NA,20180810,,,,,,,,J237_B3,,,,0,0,,0,0,0,NA,,NA,NA,J237_B3
F,NA,NA,20180810,,,,,,,,J238_B3,,,,0,0,,0,0,0,NA,,NA,NA,J238_B3
F,NA,NA,20180810,,,,,,,,J239_B3,,,,0,0,,0,0,0,NA,,NA,NA,J239_B3
F,NA,NA,20180810,,,,,,,,J240_B3,,,,0,0,,0,0,0,NA,,NA,NA,J240_B3
F,NA,NA,20180810,,,,,,,,J241_B3,,,,0,0,,0,0,0,NA,,NA,NA,J241_B3
F,NA,NA,20180810,,,,,,,,J242_B3,,,,0,0,,0,0,0,NA,,NA,NA,J242_B3
F,NA,NA,20180810,,,,,,,,J243_B3,,,,0,0,,0,0,0,NA,,NA,NA,J243_B3
F,NA,NA,20180810,,,,,,,,J244_B3,,,,0,0,,0,0,0,NA,,NA,NA,J244_B3
F,NA,NA,20180810,,,,,,,,J245_B3,,,,0,0,,0,0,0,NA,,NA,NA,J245_B3
F,NA,NA,20180810,,,,,,,,J246_B3,,,,0,0,,0,0,0,NA,,NA,NA,J246_B3
F,NA,NA,20180810,,,,,,,,J247_B3,,,,0,0,,0,0,0,NA,,NA,NA,J247_B3
F,NA,NA,20180810,,,,,,,,J248_B3,,,,0,0,,0,0,0,NA,,NA,NA,J248_B3
F,NA,NA,20180810,,,,,,,,J249_B3,,,,0,0,,0,0,0,NA,,NA,NA,J249_B3
F,NA,20180810,20180810,,,,,,,,J250_B3,,,,7.154285714,0,,-46,-46,-46,3_B3,,15:10:00,16:43:00,J250_B3
F,NA,NA,20180810,,,,,,,,J251_B3,,,,0,0,,0,0,0,NA,,NA,NA,J251_B3
F,NA,NA,20180810,,,,,,,,J252_B3,,,,0,0,,0,0,0,NA,,NA,NA,J252_B3
F,NA,NA,20180810,,,,,,,,J253_B3,,,,0,0,,0,0,0,NA,,NA,NA,J253_B3
F,NA,NA,20180810,,,,,,,,J254_B3,,,,0,0,,0,0,0,NA,,NA,NA,J254_B3
F,NA,NA,20180810,,,,,,,,J255_B3,,,,0,0,,0,0,0,NA,,NA,NA,J255_B3
F,NA,NA,20180810,,,,,,,,J256_B3,,,,0,0,,0,0,0,NA,,NA,NA,J256_B3
F,NA,NA,20180810,,,,,,,,J257_B3,,,,0,0,,0,0,0,NA,,NA,NA,J257_B3
T,L18_L_20180810_B3_J258,20180810,20180810,,,,,,,,J258_B3,,,,7.702857143,19.9,,-78,-78,-78,3_B3,,16:40:00,16:43:00,J258_B3
F,NA,20180810,20180810,,,,,,,,J259_B3,,,,7.154285714,0,,-46,-46,-46,3_B3,,15:11:00,16:43:00,J259_B3
F,NA,20180810,20180810,,,,,,,,J260_B3,,,,7.702857143,0,,-78,-78,-78,3_B3,,14:54:00,16:43:00,J260_B3
T,L18_L_20180810_B3_J261,20180810,20180810,,,,,,,,J261_B3,,,,7.154285714,19.9,,-46,-46,-46,3_B3,,16:35:00,16:50:00,J261_B3
F,NA,20180810,20180810,,,,,,,,J262_B3,,,,7.702857143,0,,-78,-78,-78,3_B3,,14:54:00,16:50:00,J262_B3
F,NA,NA,20180810,,,,,,,,J263_B3,,,,0,0,,0,0,0,NA,,NA,NA,J263_B3
F,NA,NA,20180810,,,,,,,,J264_B3,,,,0,0,,0,0,0,NA,,NA,NA,J264_B3
F,NA,20180810,20180810,,,,,,,,J265_B3,,,,7.685714286,0,,-77,-77,-77,3_B3,,15:05:00,16:50:00,J265_B3
F,NA,20180810,20180810,,,,,,,,J266_B3,,,,7.171428571,0,,-47,-47,-47,3_B3,,15:16:00,16:50:00,J266_B3
F,NA,20180810,20180810,,,,,,,,J267_B3,,,,7.702857143,0,,-78,-78,-78,3_B3,,15:04:00,16:50:00,J267_B3
F,NA,20180810,20180810,,,,,,,,J268_B3,,,,7.685714286,0,,-77,-77,-77,3_B3,,15:11:00,16:50:00,J268_B3
F,NA,20180810,20180810,,,,,,,,J269_B3,,,,7.154285714,0,,-46,-46,-46,3_B3,,15:20:00,16:50:00,J269_B3
F,NA,20180810,20180810,,,,,,,,J270_B3,,,,7.685714286,0,,-77,-77,-77,3_B3,,15:20:00,16:50:00,J270_B3
F,NA,20180810,20180810,,,,,,,,J271_B3,,,,7.137142857,0,,-45,-45,-45,3_B3,,15:20:00,16:50:00,J271_B3
F,NA,20180810,20180810,,,,,,,,J272_B3,,,,7.142857143,0,,-46,-45,-45,3_B3,,15:25:00,16:50:00,J272_B3
F,NA,20180810,20180810,,,,,,,,J273_B3,,,,7.685714286,0,,-77,-77,-77,3_B3,,15:28:00,16:50:00,J273_B3
F,NA,20180810,20180810,,,,,,,,J274_B3,,,,7.154285714,0,,-46,-46,-46,3_B3,,15:28:00,16:50:00,J274_B3
F,NA,20180810,20180810,,,,,,,,J275_B3,,,,7.702857143,0,,-78,-78,-78,3_B3,,15:31:00,16:50:00,J275_B3
F,NA,20180810,20180810,,,,,,,,J276_B3,,,,7.137142857,0,,-45,-45,-45,3_B3,,15:29:00,16:50:00,J276_B3
F,NA,NA,20180810,,,,,,,,J277_B3,,,,0,0,"this bottle was labeled with larvae, but was missing. We think it was accidently rinsed out on Tuesday",0,0,0,NA,,NA,NA,J277_B3
F,NA,20180810,20180810,,,,,,,,J278_B3,,,,7.668571429,0,,-76,-76,-76,3_B3,,15:36:00,16:50:00,J278_B3
F,NA,20180810,20180810,,,,,,,,J279_B3,,,,7.668571429,0,,-76,-76,-76,3_B3,,15:22:00,16:50:00,J279_B3
F,NA,20180810,20180810,,,,,,,,J280_B3,,,,7.137142857,0,,-45,-45,-45,3_B3,,15:29:00,16:50:00,J280_B3
F,NA,20180810,20180810,,,,,,,,J281_B3,,,,7.685714286,0,,-77,-77,-77,3_B3,,15:44:00,16:50:00,J281_B3
F,NA,20180810,20180810,,,,,,,,J282_B3,,,,7.137142857,0,,-45,-45,-45,3_B3,,15:37:00,16:50:00,J282_B3
F,NA,20180810,20180810,,,,,,,,J283_B3,,,,7.668571429,0,,-76,-76,-76,3_B3,,15:46:00,16:50:00,J283_B3
F,NA,20180810,20180810,,,,,,,,J284_B3,,,,7.685714286,0,,-77,-77,-77,3_B3,,15:51:00,16:50:00,J284_B3
F,NA,20180810,20180810,,,,,,,,J285_B3,,,,7.137142857,0,,-45,-45,-45,3_B3,,15:39:00,16:50:00,J285_B3
F,NA,20180810,20180810,,,,,,,,J286_B3,,,,7.668571429,0,,-76,-76,-76,3_B3,,15:57:00,16:50:00,J286_B3
F,NA,20180810,20180810,,,,,,,,J287_B3,,,,7.137142857,0,,-45,-45,-45,3_B3,,15:39:00,16:50:00,J287_B3
F,NA,20180810,20180810,,,,,,,,J288_B3,,,,7.154285714,0,,-46,-46,-46,3_B3,,15:43:00,16:50:00,J288_B3
T,L18_L_20180727_B3_J289,20180810,NA,,,,,,,,J289_B3,,,,7.702857143,19.9,,-78,-78,-78,3_B3,,16:43:00,NA,J289_B3
T,L18_L_20180727_B3_J290,20180810,NA,,,,,,,,J290_B3,,,,7.685714286,20.1,,-77,-77,-77,3_B3,,16:47:00,NA,J290_B3
T,L18_L_20180727_B3_J291,20180810,NA,,,,,,,,J291_B3,,,,7.308571429,19.7,,-55,-55,-55,3_B3,,16:36:00,NA,J291_B3
T,L18_L_20180727_B3_J292,20180810,NA,,,,,,,,J292_B3,,,,7.685714286,19.9,,-77,-77,-77,3_B3,,16:54:00,NA,J292_B3
T,L18_L_20180727_B3_J293,20180810,NA,,,,,,,,J293_B3,,,,7.325714286,19.8,,-56,-56,-56,3_B3,,16:38:00,NA,J293_B3
T,L18_L_20180727_B3_J294,20180810,NA,,,,,,,,J294_B3,,,,7.6,19.8,,-72,-72,-72,3_B3,,16:47:00,NA,J294_B3
T,L18_L_20180727_B3_J295,20180810,NA,,,,,,,,J295_B3,,,,7.342857143,19.9,,-57,-57,-57,3_B3,,16:42:00,NA,J295_B3
T,L18_L_20180727_B3_J296,20180810,NA,,,,,,,,J296_B3,,,,7.342857143,19.9,,-57,-57,-57,3_B3,,16:45:00,NA,J296_B3
T,L18_L_20180727_B3_J297,20180810,NA,,,,,,,,J297_B3,,,,7.685714286,19.9,,-77,-77,-77,3_B3,,16:54:00,NA,J297_B3
T,L18_L_20180727_B3_J298,20180810,NA,,,,,,,,J298_B3,,,,7.342857143,19.9,,-57,-57,-57,3_B3,,16:50:00,NA,J298_B3
T,L18_L_20180727_B3_J299,20180810,NA,,,,,,,,J299_B3,,,,7.685714286,19.9,,-77,-77,-77,3_B3,,16:59:00,NA,J299_B3
T,L18_L_20180727_B3_J300,20180810,NA,,,,,,,,J300_B3,,,,7.342857143,19.9,,-57,-57,-57,3_B3,,16:54:00,NA,J300_B3
,,,,,,,,,,,J501_B3,,,,,,,,,,,,,,
,,,,,,,,,,,J502_B3,,,,,,,,,,,,,,
,,,,,,,,,,,J503_B3,,,,,,,,,,,,,,
,,,,,,,,,,,J504_B3,,,,,,,,,,,,,,
,,,,,,,,,,,J505_B3,,,,,,,,,,,,,,
,,,,,,,,,,,J506_B3,,,,,,,,,,,,,,
,,,,,,,,,,,J507_B3,,,,,,,,,,,,,,
,,,,,,,,,,,J508_B3,,,,,,,,,,,,,,
,,,,,,,,,,,J509_B3,,,,,,,,,,,,,,
,,,,,,,,,,,J510_B3,,,,,,,,,,,,,,
,,,,,,,,,,,J511_B3,,,,,,,,,,,,,,
,,,,,,,,,,,J512_B3,,,,,,,,,,,,,,
,,,,,,,,,,,J513_B3,,,,,,,,,,,,,,
,,,,,,,,,,,J514_B3,,,,,,,,,,,,,,
,,,,,,,,,,,J515_B3,,,,,,,,,,,,,,
,,,,,,,,,,,J516_B3,,,,,,,,,,,,,,
,,,,,,,,,,,J517_B3,,,,,,,,,,,,,,
,,,,,,,,,,,J518_B3,,,,,,,,,,,,,,
,,,,,,,,,,,J519_B3,,,,,,,,,,,,,,
,,,,,,,,,,,J520_B3,,,,,,,,,,,,,,
,,,,,,,,,,,J501_B3,,,,,,,,,,,,,,
,,,,,,,,,,,J502_B3,,,,,,,,,,,,,,
,,,,,,,,,,,J503_B3,,,,,,,,,,,,,,
,,,,,,,,,,,J504_B3,,,,,,,,,,,,,,
,,,,,,,,,,,J505_B3,,,,,,,,,,,,,,
,,,,,,,,,,,J506_B3,,,,,,,,,,,,,,
,,,,,,,,,,,J507_B3,,,,,,,,,,,,,,
,,,,,,,,,,,J508_B3,,,,,,,,,,,,,,
,,,,,,,,,,,J509_B3,,,,,,,,,,,,,,
,,,,,,,,,,,J510_B3,,,,,,,,,,,,,,
,,,,,,,,,,,J511_B3,,,,,,,,,,,,,,
,,,,,,,,,,,J512_B3,,,,,,,,,,,,,,
,,,,,,,,,,,J513_B3,,,,,,,,,,,,,,
,,,,,,,,,,,J514_B3,,,,,,,,,,,,,,
,,,,,,,,,,,J515_B3,,,,,,,,,,,,,,
,,,,,,,,,,,J516_B3,,,,,,,,,,,,,,
,,,,,,,,,,,J517_B3,,,,,,,,,,,,,,
,,,,,,,,,,,J518_B3,,,,,,,,,,,,,,
,,,,,,,,,,,J519_B3,,,,,,,,,,,,,,
,,,,,,,,,,,J520_B3,,,,,,,,,,,,,,
