Bottle_ID,ParentTrt,Date,Tank,pH,pHNBScorslope,pHNBSCorr,pHSWcorrslope,pHSWCorr,Block,Salinity,Temperature,VINDTA_sample_ID,VINDTA directory,Folder,Standard,salinity,mV,T,corrDIC,corrAT,pHSW_out,fCO2,pCO2,HCO3,CO3,CO2 ,B_Alk,OH,P_Alk,Si_Alk,Revelle,WCa,WAr,xCO2_ppm,ATCalc_pHDIC,pHSW_out_pHDIC,fCO2_pHDIC,pCO2_pHDIC,HCO3_pHDIC,CO3_pHDIC,CO2_pHDIC,B_Alk_pHDIC,OH_pHDIC,P_Alk_pHDIC,Si_Alk_pHDIC,Revelle_pHDIC,WCa_pHDIC,WAr_pHDIC,xCO2_ppm_pHDIC
L18_A_20180705_4,400,20180705,4,7.673584906,0.137225552,7.810810458,0.053696955,7.727281861,B1,19.88776119,19.5,L18_A_20180705_04_19Jul2018,Alan_L18,20180719,NEU_23,19.89,147.5,23.75,1446.33,1484.55,7.693468068,733.3391219,735.850386,1376.469295,43.70176979,26.15892382,19.36602428,1.33181743,0,0,17.66407286,1.156557519,0.707891772,752.4896909,1491.567871,7.727282461,677.6673248,679.987945,1374.96807,47.18886194,24.17305636,20.80142981,1.439657181,0,0,17.30181606,1.248842629,0.764376529,695.3640691
L18_A_20180622_7,2800,20180622,7,7.10982659,0.13541177,7.24523836,0.052987215,7.162813805,B1,19.62489426,19.2,L18_A_20180622_07_28Jun2018,Alan_L18,20180628,NEU_22,19.62,178.55,23.83,1750.41,1658.54,7.139145363,3103.699594,3114.367863,1624.492702,14.09147975,111.8258871,5.579108141,0.359049146,0,0,13.34258259,0.373238145,0.227926016,3183.469056,1665.321411,7.162814141,2947.73593,2957.868109,1629.27892,14.92461213,106.2065369,5.884023711,0.379160141,0,0,13.82306611,0.395305152,0.241401716,3023.496906
L18_A_20180705_5,400,20180705,5,7.656603774,0.137225552,7.793829326,0.053696955,7.710300729,B2,19.88776119,18.7,L18_A_20180705_05_05Jul2019,Alan_L18,20190705,NEU_29,19.88,155.9,24.18,1457.13,1484.51,7.650152532,813.2095204,816.0222796,1388.797974,38.64965578,29.68232493,17.31474992,1.120751205,0,0,18.23599305,1.02005018,0.623177981,833.5568986,1496.601563,7.710301202,707.1103083,709.5560876,1386.987216,44.33305752,25.80968054,19.68086961,1.287235133,0,0,17.71786086,1.170047764,0.714815817,724.8029699
L18_A_20180709_10,400,20180709,10,7.719360568,0.138324589,7.857685157,0.054127013,7.773487581,B1,20.04704192,20.5,L18_A_20180709_10,Alan_L18,20190706,NEU_29,20.04,184.8,24.28,1399.96,1457.02,7.769228895,596.5287643,598.546253,1326.81452,52.47778315,20.66760045,23.52423592,1.74304912,0,0,16.32474183,1.392167902,0.854950523,612.9653058,1457.958618,7.773488083,590.5740264,592.571376,1326.515581,52.98303206,20.46128996,23.73386946,1.760227547,0,0,16.26755997,1.405571504,0.86318187,606.8464932
L18_A_20180622_13,2800,20180622,13,7.005780347,0.13541177,7.141192117,0.052987215,7.058767562,B1,19.62489426,19,L18_A_20180622_013_28Jun2018,Alan_L18,20180628,NEU_22,19.62,181.55,24.29,1797.38,1688.4,7.094206828,3507.205455,3519.290858,1657.427058,12.86050105,127.0924835,5.015949888,0.317918657,0,0,12.41411924,0.340396255,0.207773775,3596.387052,1676.852539,7.058768214,3784.764073,3797.805909,1648.441026,11.78849232,137.1505239,4.630403888,0.293006599,0,0,11.71147133,0.312021951,0.190454442,3881.00346
L18_A_20180709_1,2800,20180709,1,7.143872114,0.13731,7.281182114,0.05373,7.197602114,B1,19.9,19.9,L18_A_2010709_01_06Jul2019,Alan_L18,20190706,NEU_29,19.9,187.7,24.3,1519.15,1555.18,7.673107789,809.3710444,812.1288863,1446.075146,44.53214063,28.5426979,18.74411759,1.318113471,0,0,17.92974385,1.180094933,0.723035205,830.9654289,1456.957642,7.197602434,2376.644571,2384.742723,1420.699022,14.63792228,83.81304033,6.606335923,0.441008991,0,0,14.52691626,0.387902707,0.237665044,2440.05452
L18_A_20180617_10,400,20180617,10,7.528735632,0.135018428,7.66375406,0.052833298,7.58156893,B1,19.56788811,19.5,L18_A_20180617_10_06Jul2019,Alan_L18,20190706,NEU_29,19.57,200.05,24.43,1391.43,1352.56,7.2898956,1775.636533,1781.717065,1311.719303,16.26195647,63.4487764,7.847732061,0.521241293,0,0,16.03986116,0.431360335,0.263513675,1822.013041,1406.730591,7.581569013,917.3489204,920.4903121,1326.461977,32.1884529,32.77960633,14.89813142,1.02026321,0,0,18.36450651,0.853822345,0.521591454,941.3084635
L18_A_20180705_10,400,20180705,10,7.764150943,0.137225552,7.901376495,0.053696955,7.817847898,B1,19.88776119,19.6,L18_A_20180705_10_05Jul2019L18_A_20180705_02_05Jul2019,Alan_L18,20190705,NEU_29,19.88,149.6,24.46,1372.61,1410.92,7.697049055,690.5636531,692.9254875,1306.069835,41.97718474,24.56296613,19.56121944,1.355069947,0,0,17.41173147,1.111306452,0.680355367,708.6940901,1436.21521,7.817847913,520.0429619,521.8215892,1298.974915,55.13743157,18.49763972,25.19132142,1.789618957,0,0,15.89279895,1.459711599,0.893653249,533.6964551
L18_A_20180705_1,2800,20180705,1,7.090566038,0.137241,7.227807038,0.053703,7.144269038,B1,19.89,19.3,L18_A_20180705_1maybe_09Jul19,Alan_L18,20190709,NEU_29,19.89,203.1,24.5,1597.26,1524.86,7.177650097,2599.443423,2608.367272,1489.697064,14.30789274,93.25505141,6.215952134,0.398813903,0,0,14.0893386,0.378385531,0.231492045,2666.602607,1516.215698,7.14426958,2795.930763,2805.529149,1483.759414,13.19655839,100.3040361,5.766871759,0.369308899,0,0,13.42599529,0.348995261,0.213511406,2868.166391
L18_A_20180709_19,2800,20180709,19,7.058614565,0.138324589,7.196939154,0.054127013,7.112741578,B1,20.04704192,19.7,L18_A_20180709_19,Alan_L18,20190706,NEU_29,20.04,203.75,24.53,1531.04,1458.76,7.159058801,2598.928652,2607.806313,1425.538228,13.4016166,92.10021874,6.091161662,0.397921921,0,0,13.76287302,0.354514164,0.217295821,2667.523972,1446.917358,7.112741874,2874.505344,2884.324344,1417.198566,11.97545707,101.8660403,5.488637275,0.357668701,0,0,12.85264335,0.316787838,0.194171857,2950.37415
L18_A_20180709_22,400,20180709,22,7.724689165,0.138324589,7.863013754,0.054127013,7.778816178,B1,20.04704192,20.7,L18_A_20180709_22_06Jul2019,Alan_L18,20190706,NEU_29,20.04,186.45,24.58,1412.77,1457.72,7.708635391,694.6911203,697.0347695,1342.292044,46.54372728,23.9342407,20.81682286,1.543531051,0,0,17.0573605,1.235647338,0.759197013,714.0398692,1472.91272,7.778816746,589.116419,591.1038954,1337.943427,54.52971752,20.29686829,24.11255427,1.814248301,0,0,16.17375398,1.447660173,0.889460323,605.5246691
L18_A_20180723_14,2800,20180723,14,7.063706564,0.138460037,7.202166601,0.054180014,7.117886578,B2,20.06667197,19.7,L18_A_20180723_14_15Jul19,Alan_L18,20190715,NEU_29,20.06,200.15,24.62,1696.52,1642.32,7.261895228,2295.961756,2303.804514,1596.137554,19.02737249,81.35509241,7.678819546,0.504506618,0,0,15.82756858,0.503261947,0.308505296,2356.560085,1604.219727,7.117887018,3149.284494,3160.04211,1571.481783,13.44651205,111.5917242,5.560291701,0.362125125,0,0,13.0167243,0.355651724,0.218018551,3232.404945
L18_A_20180622_19,2800,20180622,19,7.005780347,0.134717351,7.140497698,0.052715485,7.058495832,B1,19.52425378,19.3,L18_A_20180622_19_28Jun2018,Alan_L18,20180628,NEU_22,19.52,182.85,24.63,1659.3,1551.93,7.067978692,3437.083564,3448.883017,1524.518294,11.23094973,123.5508184,4.730174132,0.306704358,0,0,11.90160149,0.297791435,0.181784512,3525.89967,1549.023926,7.058496312,3507.701469,3519.743353,1522.238822,10.97196104,126.0892787,4.629974934,0.300080356,0,0,11.71670564,0.290924285,0.177592513,3598.342381
L18_A_20180705_20,2800,20180705,20,7.028301887,0.137682971,7.165984858,0.053875945,7.082177832,B2,19.95405373,19.2,L18_a_20180705_20_06Jul2019,Alan_L18,20190706,NEU_29,19.95,203.85,24.67,1659.67,1578.65,7.157372795,2819.569511,2829.261147,1544.134113,14.12895514,101.4069619,5.950917207,0.377838024,0,0,13.70204979,0.373354458,0.228448112,2892.02494,1557.331055,7.082177966,3318.728014,3330.135395,1528.547869,11.76276021,119.3594001,5.024099742,0.317768492,0,0,12.20319973,0.31082829,0.190189603,3404.010488
L18_A_20180622_5,400,20180622,5,7.670520231,0.13386,7.804380231,0.05238,7.722900231,B2,19.4,19.6,L18_A_20180622_1Maybe_09Jul19,Alan_L18,20190709,NEU_29,19.4,180.6,24.71,1471.29,1535.64,7.818318406,559.893286,561.8082075,1393.121742,58.20041407,19.96785984,24.36536275,1.767504423,0,0,16.34554164,1.546243436,0.943843169,574.5965015,1514.593506,7.72290066,700.596086,702.9922329,1399.373907,46.93026763,24.9858407,19.95942831,1.418870515,0,0,17.58169643,1.246823059,0.761073838,718.9942621
L18_A_20180718_23,400,20180718,23,7.862003781,0.134308829,7.99631261,0.052555629,7.91455941,B2,19.46504762,19.6,L18_A_20180718_23_09Jul19,Alan_L18,20190709,NEU_29,19.46,181.95,24.71,1447.65,1513.66,7.82702191,539.2780821,541.1224965,1369.902101,58.52206108,19.22586003,24.9224315,1.806565074,0,0,16.13346273,1.554053742,0.948986414,553.4394813,1535.154297,7.914559552,437.9422296,439.4400597,1360.915717,71.12118003,15.61312482,29.79860877,2.209994804,0,0,14.80942773,1.888623434,1.15329215,449.4425574
L18_A_20180718_6,400,20180718,6,7.754253308,0.135448971,7.889702279,0.053001771,7.807255079,B3,19.63028571,18.1,L18_A_20180718_06_11Jun19,Alan_L18,20190611,NEU_28,19.63,179.75,24.72,1572.04,1648.93,7.87657847,515.645216,517.4422141,1485.494363,67.36625201,19.17941116,26.94238167,1.77428142,0,0,16.05947038,1.777574236,1.082810667,528.1433532,1631.963013,7.807255453,607.4444691,609.5613831,1491.77588,57.6702643,22.59388213,23.34999415,1.512514296,0,0,17.0782069,1.521728951,0.926962322,622.1676239
L18_A_20180718_18,400,20180718,18,7.793950851,0.134764886,7.928715737,0.052734086,7.846684937,B3,19.53114286,18.6,L18_A_20180718_18_09Jul19,Alan_L18,20190709,NEU_29,19.53,178.35,24.73,1683.96,1653.87,7.382748416,1735.613313,1741.624038,1596.686637,23.61550748,63.65782597,9.400314944,0.594146673,0,0,17.70707662,0.624618295,0.380692269,1778.816753,1757.900513,7.846685203,595.1942458,597.2555053,1593.537282,68.59249615,21.83019192,25.46352319,1.72914119,0,0,16.6415946,1.814237024,1.105740922,610.0100108
L18_A_20180709_7,2800,20180709,7,7.127886323,0.137865801,7.265752124,0.053947487,7.18183381,B1,19.9805509,19.9,L18_A_20180709_07_06Jul2019,Alan_L18,20190706,NEU_29,20.04,198.85,24.74,1846.62,1784.08,7.249859172,2572.375462,2581.140545,1735.717413,20.22658657,90.67599848,7.468089927,0.498499559,0,0,15.7171379,0.535689323,0.328370981,2641.004915,1765.229248,7.18183415,2988.427854,2998.61059,1724.09986,17.17833122,105.3418071,6.413465708,0.426225822,0,0,14.38252017,0.454958061,0.278883709,3068.157339
L18_A_20180806_21,2800,20180806,21,7.070726916,0.137773214,7.20850013,0.053911258,7.124638174,B3,19.96713253,19.7,L18_A_20180806_21,Alan_L18,20190724,NEU_29,19.67,187.15,24.75,1642.7,1569.93,7.179817238,2666.663265,2675.772299,1533.081767,15.07664037,94.54152778,6.3457058,0.416492881,0,0,14.22129138,0.399052607,0.244478658,2737.049075,1555.150391,7.124638441,3007.779673,3018.053924,1522.875374,13.18939346,106.6351681,5.605773446,0.366799543,0,0,13.1243205,0.349100444,0.21387558,3087.169153
L18_A_20180723_8,2800,20180723,8,7.150579151,0.137774591,7.288353742,0.053911796,7.204490947,B2,19.96733201,19.3,L18_A_20180723_08_15Jul19,Alan_L18,20190715,NEU_29,19.97,191.65,24.77,2130.33,2111.61,7.450960302,1882.863144,1889.326983,2026.198129,36.61260923,67.51933614,11.47280269,0.749891068,0,0,18.91771436,0.967721827,0.592315054,1931.506955,2040.612305,7.204491487,3266.373175,3277.586583,1992.783605,20.41456347,117.1319058,6.637937104,0.425137453,0,0,14.84890668,0.539585106,0.330264724,3350.759999
L18_A_20180806_12,400,20180806,12,-,0.137773214,NA,0.053911258,NA,B3,19.96713253,18.4,L18_A_20180806_12_25Jul19,Alan_L18,20190725,NEU_29,19.96,143.9,24.78,1339.51,1420.08,7.912080393,402.8744106,404.2731346,1261.128194,63.5547227,14.82704975,29.85743195,1.997345036,0,0,14.70845684,1.67474742,1.022931344,412.7945938,,,,,,,,,,,,,,,
L18_A_20180806_15,2800,20180806,15,7.011787819,0.138465542,7.150253361,0.054182169,7.065969988,B3,20.06746988,19.3,L18_A_20180806_15_25Jul19,Alan_L18,20190725,NEU_29,20.07,183.55,24.81,1599.57,1537.41,7.217702147,2380.056524,2388.227221,1498.389022,15.87869567,85.30220382,6.885825907,0.439464832,0,0,14.88253511,0.419397578,0.256854484,2441.542369,1496.996704,7.065970241,3311.202463,3322.569768,1469.911344,10.98372063,118.6748569,4.895465011,0.309879053,0,0,11.89674068,0.290108578,0.177673151,3396.743322
L18_A_20180723_20,2800,20180723,20,7.104247104,0.138460037,7.242707141,0.054180014,7.158427118,B2,20.06667197,19.5,L18_A_20180723_20_15Jul19,Alan_L18,20190715,NEU_29,19.97,199.85,24.82,1671.56,1612.64,7.24099776,2365.977768,2374.079879,1569.555554,17.68974407,84.31481032,7.291185774,0.472168662,0,0,15.3977754,0.467556943,0.286482315,2427.758057,1591.351929,7.158427771,2836.649831,2846.363722,1555.971976,14.50028836,101.0878444,6.059605409,0.390415607,0,0,13.78456009,0.383256562,0.234829637,2910.720283
L18_A_20180718_24,400,20180718,24,7.799621928,0.1340808,7.933702728,0.0524664,7.852088328,B3,19.432,19.5,L18_A_20180718_24_09Jul19,Alan_L18,20190709,NEU_29,19.43,183.35,24.83,1440.74,1505.85,7.826011831,537.9134954,539.7555392,1363.681902,57.82262055,19.23543458,24.75356027,1.784479268,0,0,16.17348674,1.535296504,0.937123558,551.9637742,1511.952148,7.852088803,505.7028218,507.4345627,1361.36,61.29635521,18.08360197,26.11881979,1.894909525,0,0,15.78880557,1.627530523,0.993421916,518.9117591
L18_A_20180709_4,400,20180709,4,7.671403197,0.138324589,7.809727786,0.054127013,7.72553021,B1,20.04704192,20.5,L18_A_2010709_04_06Jul2019,Alan_L18,20190706,NEU_29,20.04,187.45,24.86,1467.83,1512.18,7.70458485,727.8799362,730.3416608,1395.065275,47.54619297,25.21845148,20.54052792,1.501984949,0,0,17.29191193,1.261339175,0.774606703,747.9356811,1516.698486,7.725530581,693.0592621,695.4032215,1393.961834,49.85604622,24.01203894,21.46752901,1.576199959,0,0,17.0521317,1.322616603,0.812238061,712.1555705
L18_A_20180801_6,400,20180801,6,7.80418251,0.13804973,7.94223224,0.054019459,7.858201969,B3,20.00720721,19.7,L18_A_20180801_06_15Jul19,Alan_L18,20190715,NEU_29,20,177.45,24.86,1400.51,1492.24,7.926321233,409.5070953,410.9059273,1313.820897,72.17391892,14.5151497,31.75743884,2.32588234,0,0,14.26820173,1.909768997,1.170295458,420.3157075,1475.12085,7.858202212,481.805991,483.4517883,1321.380548,62.05160371,17.0778142,27.66300263,1.988239603,0,0,15.29844585,1.64192593,1.006162767,494.5228748
L18_A_20180801_12,400,20180801,12,7.83269962,0.137359481,7.970059101,0.053749362,7.886448982,B3,19.90717117,18,L18_A_20180801_12_15Jul19,Alan_L18,20190715,,19.9,177.65,24.86,1340.19,1419.63,7.914502956,400.1915435,401.5879433,1262.45913,62.82474908,14.90606991,29.60079625,1.932976692,0,0,14.81245189,1.65403075,1.008999063,409.8387112,1413.036865,7.886449312,427.8325112,429.3253594,1265.230229,59.02409691,15.93562239,27.95956076,1.812061666,0,0,15.2395438,1.553968344,0.947958557,438.1460024
L18_A_20180622_1,2800,20180622,1,7.023121387,0.13541177,7.158533157,0.052987215,7.076108602,B1,19.62489426,19.4,L18_A_20180622_01_28Jun2018,Alan_L18,20180628,NEU_22,19.62,172.95,24.93,2050.66,1968.57,7.219568061,3053.828426,3064.299089,1921.04433,20.21486931,109.4006523,6.717330063,0.440008646,0,0,15.12340339,0.535803841,0.327353278,3133.160758,1920.510986,7.076108796,4173.588673,4187.898658,1886.875013,14.26978466,149.5150544,4.865572931,0.316229183,0,0,12.17336121,0.378226805,0.231080434,4282.010129
L18_A_20180622_11,400,20180622,11,7.664739884,0.134688,7.799427884,0.052704,7.717443884,B2,19.52,19.7,L18_A_20180622_11,Alan_L18,20181207,NEU_26,19.52,164.95,24.94,1369.06,1427.64,7.8004381,542.9885014,544.8432916,1297.3229,52.43976374,19.29735372,23.73628394,1.717369137,0,0,16.25419622,1.392483749,0.850807779,557.3236318,1410.438843,7.717444525,659.76878,662.022479,1302.133876,43.47851524,23.4476264,19.94875408,1.418633068,0,0,17.30448986,1.154527054,0.705416202,677.18696
L18_A_20180622_16,400,20180622,16,7.664739884,0.13541177,7.800151654,0.052987215,7.717727099,B1,19.62489426,19.7,L18_A_20180622_16_28Jun2018,Alan_L18,20180628,NEU_22,19.62,143.75,24.94,1410.19,1453.7,7.723183934,669.7590289,672.0468535,1340.866925,45.53383425,23.78914028,20.34283612,1.441705999,0,0,17.30826882,1.208183237,0.738669522,687.4400573,1452.583496,7.717727793,678.3552255,680.6724138,1341.121533,44.97389886,24.0944682,20.10991895,1.423706818,0,0,17.36945684,1.193326053,0.729586008,696.2631856
L18_A_20180723_5,400,20180723,5,7.671814672,0.137089145,7.808903817,0.053643579,7.725458251,B2,19.86799205,19.3,L18_A_20180723_5_15Jul19,Alan_L18,20190715,NEU_29,19.87,180.75,24.94,1502.49,1575.54,7.847307645,530.2034866,532.0236667,1419.783249,63.68344187,19.0233297,26.54157935,1.86279975,0,0,15.88777403,1.684431951,1.030380915,543.9019617,1547.534302,7.72545834,706.3547795,708.7796843,1428.739499,48.40700642,25.3435147,20.59280762,1.407073765,0,0,17.5205614,1.280369054,0.783212309,724.6043453
L18_A_20180626_23,400,20180626,23,7.7,0.138003073,7.838003073,0.054001202,7.754001202,B2,20.00044533,18.9,L18_A_20180626_23_12Jul18,Alan_L18,20180712,NEU_22,20.06,145.25,24.95,1356.36,1428.92,7.867665904,454.4449939,456.0129158,1280.376218,59.50211843,16.4817,27.66420555,1.889213654,0,0,15.26998288,1.57021008,0.960375147,465.9370512,1404.199829,7.754001252,594.2422522,596.2925012,1288.70986,46.09834439,21.55183281,21.85706651,1.454174162,0,0,16.85402239,1.216495932,0.744035766,609.2695186
L18_A_20180705_19,2800,20180705,19,7.016981132,0.137225552,7.154206684,0.053696955,7.070678087,B1,19.88776119,19.6,L18_A_20180705_19_19Jul2018,Alan_L18,20180719,NEU_23,19.89,182.3,24.96,1672.98,1565.66,7.064977885,3484.39417,3496.311336,1537.512982,11.52907676,123.9379681,4.860316456,0.316148076,0,0,11.93121531,0.305221455,0.186860298,3575.875366,1567.399902,7.070678698,3441.966631,3453.738689,1538.85954,11.69164266,122.428844,4.923250261,0.320325384,0,0,12.04261305,0.309525234,0.189495124,3532.333911
L18_A_20180709_16,400,20180709,16,7.671403197,0.138324589,7.809727786,0.054127013,7.72553021,B1,20.04704192,19.7,L18_A_20180709_16_06Jul2019,Alan_L18,20190706,NEU_29,20.04,183.55,24.96,1464.9,1523.03,7.77916519,607.2820911,609.3565013,1388.933246,54.44601316,21.52071908,23.56241467,1.659221069,0,0,16.57961239,1.44026526,0.882795822,623.3105069,1511.23291,7.725530761,688.7517858,691.1044876,1392.256355,48.23580053,24.40782284,21.05765423,1.466458662,0,0,17.25378401,1.275985949,0.782102504,706.9304875
L18_A_20180617_4,400,20180617,4,7.482758621,0.13662579,7.619384411,0.053462266,7.536220887,B1,19.80083916,19.4,L18_A_20180617_04,Alan_L18,20180719,NEU_23,19.8,NA,24.97,1466.82,NA,,,,,,,,,,,,,,,1473.793823,7.536221369,1069.895655,1073.564007,1397.845147,30.68332247,38.29143023,13.69498937,0.916689811,0,0,18.51578256,0.812248583,0.496775503,1097.687036
L18_A_20180705_7,2800,20180705,7,7.08490566,0.137225552,7.222131212,0.053696955,7.138602615,B1,19.88776119,19,L18_A_20180705_07_19Jul2018,Alan_L18,20180719,NEU_23,19.89,178.75,24.97,1900.72,1808.33,7.164385922,3177.178994,3188.127166,1769.465831,16.28574053,114.9683733,5.985925914,0.376380915,0,0,13.89476921,0.430254159,0.263037098,3257.958438,1800.337036,7.138603061,3360.736866,3372.317556,1763.811407,15.29799858,121.6105392,5.648829727,0.35468656,0,0,13.3662196,0.404158933,0.247083708,3446.183249
L18_A_20180709_9,2800,20180709,9,7.159857904,0.137636407,7.297494311,0.053857725,7.213715629,B3,19.94730539,19.8,L18_A_20180709_9_10Aug19,Alan_L18,20190810,NEU_29,19.94,168.75,24.97,1878.81,1870.47,7.47330588,1583.718743,1589.121816,1788.136925,34.67865569,55.99453403,12.18434399,0.825637988,0,0,18.84038008,0.918338934,0.56268492,1625.745853,1804.643433,7.213716003,2833.627492,2843.2948,1759.84977,18.77358448,100.1867609,6.854537714,0.454150493,0,0,15.01562888,0.497150573,0.304614255,2908.823403
L18_A_20180622_22,400,20180622,22,7.670520231,0.13541177,7.805932001,0.052987215,7.723507446,B1,19.62489426,19.8,L18_A_20180622_22_28Jun2018,Alan_L18,20180628,NEU_22,19.62,141.85,24.98,1346.58,1399.15,7.77122455,571.7287709,573.679302,1277.674015,48.65638579,20.24958533,22.55548159,1.624961817,0,0,16.51649652,1.291500152,0.789795284,586.9030975,1389.457397,7.723507941,639.4136434,641.5950907,1280.251532,43.68159413,22.64685947,20.40600341,1.455883257,0,0,17.10631075,1.159452856,0.709043972,656.3844029
L18_A_20180617_7,2800,20180617,7,7.068965517,0.136396167,7.205361684,0.053372413,7.12233793,B1,19.76756044,19.1,L18_A_20180617_07_03Jun2018,Alan_L18,20180703,NEU_22,19.76,179.15,24.99,1613.48,1530.32,7.142904248,2831.643802,2841.38911,1498.121434,13.12082848,102.2376596,5.669719609,0.360305325,0,0,13.36322191,0.347054674,0.212069342,2904.027972,1524.733154,7.122338258,2960.976948,2971.167366,1494.092318,12.48031893,106.9072858,5.413298329,0.343640776,0,0,12.95205796,0.330112768,0.201716913,3036.667209
L18_A_20180622_23,400,20180622,23,7.682080925,0.135378,7.817458925,0.052974,7.735054925,B2,19.62,19.8,L18_A_20180622_23,Alan_L18,20181207,NEU_26,19.62,166.65,24.99,1326.37,1384.88,7.801725763,524.1398175,525.9279923,1256.483477,51.32201247,18.564564,24.02565079,1.742951541,0,0,16.04615227,1.362303118,0.833068981,538.0511126,1371.192383,7.735055612,613.0591474,615.1506827,1260.49711,44.15893585,21.71400721,20.9012285,1.494910393,0,0,16.91573906,1.17216479,0.716796516,629.3304674
L18_A_20180718_14,2800,20180718,14,7.079395085,0.135448971,7.214844056,0.053001771,7.132396856,B2,19.63028571,18.4,L18_A_20180718_14_09Jul19,Alan_L18,20190709,NEU_29,19.63,200.65,24.99,1774.85,1694.52,7.192859474,2781.615148,2791.272529,1656.538212,15.75069642,102.5610442,6.167843952,0.37778667,0,0,14.31293922,0.416025727,0.253595164,2850.119294,1677.083374,7.132397117,3173.391204,3184.408778,1644.241753,13.60196391,117.006235,5.384039047,0.328688321,0,0,13.07724101,0.359270903,0.218999349,3251.543803
L18_A_20180801_24,400,20180801,24,7.80418251,0.137359481,7.941541991,0.053749362,7.857931872,B3,19.90717117,18.6,L18_A_20180801_24_15Jul19,Alan_L18,20190715,NEU_29,19.9,179.75,24.99,-14.07,1417.98,,,,,,,,,,,,,,,,,,,,,,,,,,,,,
L18_A_20180705_2,2800,20180705,2,7.101886792,0.137225552,7.239112344,0.053696955,7.155583747,B2,19.88776119,19.1,L18_A_20180705_05_05Jul2019L18_A_20180705_02_05Jul2019,Alan_L18,20190705,NEU_29,19.88,184.45,25,1597.13,1512.55,7.133137785,2859.889246,2869.731764,1481.202931,12.73711767,103.1899236,5.594295559,0.353454725,0,0,13.17107361,0.336618051,0.205840263,2932.991215,1518.495483,7.155584053,2723.543894,2732.917169,1485.40881,13.45082313,98.27033924,5.883933016,0.372203164,0,0,13.61870722,0.355479943,0.217374216,2793.160723
L18_A_20180705_14,2800,20180705,14,7.033962264,0.137225552,7.171187816,0.053696955,7.087659219,B2,19.88776119,19.3,L18_A_20180705_14_19Jul2018,Alan_L18,20180719,NEU_23,19.89,180.95,25,1542.31,1584.4,7.708832564,753.6255987,756.2127834,1467.391433,47.88202837,27.03665259,19.90951382,1.354959033,0,0,17.78639515,1.266304957,0.774700868,773.09628,1449.230957,7.087659915,3052.076734,3062.554465,1421.716937,11.0985706,109.4946065,5.075843586,0.324155591,0,0,12.28562264,0.2935167,0.179567837,3130.930231
L18_A_20180728_9,2800,20180728,9,7.086705202,0.139430227,7.226135429,0.054559654,7.141264856,B3,20.20727928,19.8,L18_A_20180705_14_19Jul2018,Alan_L18,20180719,NEU_23,19.89,180.95,25,1542.31,1584.4,7.696600743,774.9529428,777.596801,1466.94711,48.00204666,27.36095757,20.07885096,1.390481512,0,0,17.66650161,1.268788005,0.778615643,795.5152595,1465.592773,7.141265253,2719.649126,2728.927582,1433.23205,13.05648638,96.02157786,5.934136987,0.387105845,0,0,13.44575139,0.345108479,0.211782314,2791.811297
L18_A_20180728_15,2800,20180728,15,7.052023121,0.138739978,7.190763099,0.054289557,7.106312678,B3,20.10724324,19.8,L18_A_20180705_14_19Jul2018,Alan_L18,20180719,NEU_23,19.89,180.95,25,1542.31,1584.4,7.698191729,772.9075026,775.5443825,1466.992255,48.0143268,27.30353201,20.00775859,1.391792607,0,0,17.68792129,1.270023517,0.778911488,793.4165414,1456.236572,7.106313277,2936.867374,2946.8869,1426.613013,11.95007834,103.7470229,5.446867937,0.35620177,0,0,12.75202504,0.316090666,0.193859915,3014.796915
L18_A_20180806_6,400,20180806,6,7.777996071,0.13915787,7.917153941,0.05445308,7.832449151,B3,20.16780723,19.4,L18_A_20180806_06,Alan_L18,20190724,NEU_29,20.16,155,25,1440.49,1497.15,7.777376976,597.9397456,599.9899019,1366.212648,52.91979892,21.35756692,23.50144678,1.613344151,0,0,16.57603415,1.397234076,0.85642815,613.468949,1509.778564,7.832449359,525.0456336,526.8458578,1361.853256,59.88286636,18.75389174,26.34305815,1.831468283,0,0,15.80271296,1.581078975,0.969115028,538.6816905
L18_A_20180705_8,2800,20180705,8,7.08490566,0.137225552,7.222131212,0.053696955,7.138602615,B2,19.88776119,19.1,L_18_A_20180705_8_19Jul2018,Alan_L18,20180719,NEU_23,19.89,178.35,25.02,1902.73,1810.45,7.164009545,3185.574592,3196.53798,1771.433636,16.35510154,114.941234,5.996386421,0.379494557,0,0,13.90439179,0.432234556,0.26430928,3267.001443,1802.571655,7.138603251,3366.881277,3378.468645,1765.869547,15.37732104,121.4831037,5.663510638,0.357930954,0,0,13.38383974,0.406393657,0.248507699,3452.94253
L18_A_20180705_16,400,20180705,16,7.730188679,0.137225552,7.867414231,0.053696955,7.783885634,B1,19.88776119,19,L18_A_20180705_16_19Jul2018,Alan_L18,20180719,NEU_23,19.89,145.45,25.02,1461.57,1523.43,7.808972044,563.6953461,565.6377716,1384.940351,56.23186932,20.3976978,24.38140857,1.660403786,0,0,16.42329125,1.48559383,0.908221994,578.0272412,1517.769165,7.783885632,598.0102781,600.0709487,1386.784106,53.14640532,21.63940685,23.14178624,1.567210391,0,0,16.76840487,1.404078733,0.858387509,613.2146268
L18_A_20180709_13,2800,20180709,13,7.074600355,0.138324589,7.212924944,0.054127013,7.128727368,B1,20.04704192,20.1,L18_A_20180709_13_06Jul2019,Alan_L18,20190706,NEU_29,20.04,185.15,25.02,1722.26,1643.06,7.165285342,2892.410883,2902.241938,1605.3584,15.55588729,101.3457415,6.240850654,0.418527759,0,0,14.03651148,0.412083493,0.252823033,2970.409955,1632.795776,7.128727759,3132.522246,3143.169419,1598.264299,14.23684635,109.7588838,5.748707202,0.384739419,0,0,13.30650227,0.377141417,0.231385237,3216.996354
L18_A_20180728_3,2800,20180728,3,7.080924855,0.138739978,7.219664833,0.054289557,7.135214412,B3,20.10724324,20,L18_A_20180705_16_19Jul2018,Alan_L18,20180719,NEU_23,19.89,145.45,25.02,1461.57,1523.43,7.790401983,590.5878252,592.5976828,1384.349561,56.47525416,20.74510323,24.3941168,1.752411229,0,0,16.30944566,1.494875757,0.917251331,606.4282544,1388.024902,7.135214587,2617.726158,2626.634667,1357.369524,12.24963433,91.95076,5.842968502,0.387657893,0,0,13.31364968,0.324242567,0.198954278,2687.937402
L18_A_20180728_6,400,20180728,6,7.849710983,0.138739978,7.988450961,0.054289557,7.90400054,B3,20.10724324,20,L18_A_20180705_16_19Jul2018,Alan_L18,20180719,NEU_23,19.89,145.45,25.02,1461.57,1523.43,7.790401983,590.5878252,592.5976828,1384.349561,56.47525416,20.74510323,24.3941168,1.752411229,0,0,16.30944566,1.494875757,0.917251331,606.4282544,1551.535156,7.904001237,450.9223292,452.4568845,1372.973872,72.75686083,15.83918575,30.78386598,2.276330308,0,0,14.63212838,1.925842903,1.181691493,463.0167255
L18_A_20180728_18,400,20180728,18,7.849710983,0.138739978,7.988450961,0.054289557,7.90400054,B3,20.10724324,20,L18_A_20180705_16_19Jul2018,Alan_L18,20180719,NEU_23,19.89,145.45,25.02,1461.57,1523.43,7.790401983,590.5878252,592.5976828,1384.349561,56.47525416,20.74510323,24.3941168,1.752411229,0,0,16.30944566,1.494875757,0.917251331,606.4282544,1551.535156,7.904001237,450.9223292,452.4568845,1372.973872,72.75686083,15.83918575,30.78386598,2.276330308,0,0,14.63212838,1.925842903,1.181691493,463.0167255
L18_A_20180728_21,2800,20180728,21,7.069364162,0.138739978,7.20810414,0.054289557,7.123653719,B3,20.10724324,20.1,L18_A_20180705_16_19Jul2018,Alan_L18,20180719,NEU_23,19.89,145.45,25.02,1461.57,1523.43,7.788928125,592.9440288,594.9593943,1384.29476,56.50604812,20.76911055,24.37748767,1.762310146,0,0,16.30178064,1.496221618,0.918296724,608.9333646,1385.445801,7.123654456,2686.354522,2695.485209,1355.515641,11.95906497,94.09521194,5.707696971,0.380897983,0,0,13.10468778,0.316663651,0.194350349,2758.794791
L18_A_20180617_13,2800,20180617,13,7.063218391,0.135707298,7.198925689,0.053102856,7.116321247,B1,19.66772428,19.5,L18_A_20180617_13,Alan_L18,20180719,NEU_23,19.8,162.55,25.03,1536.78,1532.98,7.48407425,1265.251876,1269.584635,1463.128767,28.46455361,45.18671679,12.13813322,0.817370978,0,0,18.49962311,0.754499609,0.461194531,1298.296439,1451.824097,7.116321374,2868.718083,2878.54179,1422.461606,11.86614101,102.4522895,5.357545347,0.350482499,0,0,12.86222585,0.3145315,0.19226015,2943.640347
L18_A_20180622_4,400,20180622,4,7.647398844,0.134717351,7.782116195,0.052715485,7.700114329,B1,19.52425378,19.9,L18_A_20180622_4_25June18,EliseStartup_2018,20180625,NEU_22,19.52,142.9,25.03,1446.26,1535.44,7.915497351,436.8477136,438.3362237,1358.661284,72.16181508,15.43692422,30.1880256,2.279398893,0,0,14.68126864,1.917511448,1.172184625,448.5051342,1485.7948,7.700114412,726.5150602,728.9905796,1376.07725,44.50984933,25.6729235,19.32997301,1.388153184,0,0,17.63904428,1.182732801,0.723010653,745.9023464
L18_A_20180705_11,400,20180705,11,7.747169811,0.137241,7.884410811,0.053703,7.800872811,B2,19.89,19.5,L_18_A_20180705_11_19Jul2018,Alan_L18,20180719,NEU_23,19.89,142.95,25.03,1363.75,1413.46,7.755589348,597.9575198,600.0051798,1294.979867,47.44062703,21.32947058,22.08003182,1.536712467,0,0,16.73905462,1.255485417,0.76845266,613.5726889,1423.067505,7.800873006,537.5266953,539.3674146,1292.041252,52.5348433,19.17387014,24.26708642,1.705596405,0,0,16.1355073,1.390300546,0.850969783,551.563763
L18_A_20180705_13,2800,20180705,13,7.050943396,0.137225552,7.188168948,0.053696955,7.104640351,B1,19.88776119,19.3,L18_A_20180705_13_19Jul2018,Alan_L18,20180719,NEU_23,19.89,181.9,25.03,1648.9,1584.96,7.220866914,2440.567182,2448.945611,1544.95365,16.38990233,87.55643008,6.847120866,0.440514811,0,0,14.96442511,0.433453119,0.26517823,2503.621709,1553.952026,7.104640819,3145.546444,3156.345055,1523.683254,12.36885533,112.8478738,5.273897605,0.337081113,0,0,12.65531637,0.327111097,0.200120239,3226.814825
L18_A_20180705_17,400,20180705,17,7.718867925,0.137225552,7.856093477,0.053696955,7.77256488,B2,19.88776119,19.6,L18_A_20180705_17_19Jul2018,Alan_L18,20180719,NEU_23,19.89,145.35,25.03,1477.81,1523.11,7.723794531,698.4742667,700.8631566,1404.942562,48.02318443,24.84434227,20.69911057,1.441143374,0,0,17.3941138,1.271368603,0.778347369,716.8123933,1533.794922,7.772565019,622.9872179,625.1179304,1402.031538,53.61924032,22.15930981,22.92965367,1.612418147,0,0,16.79232061,1.419518915,0.869046797,639.3434661
L18_A_20180728_12,400,20180728,12,7.884393064,0.13966031,8.024053374,0.054649686,7.93904275,B3,20.24062462,18.8,L18_A_20180705_13_19Jul2018,Alan_L18,20180719,NEU_23,19.89,181.9,25.03,1648.9,1584.96,7.223042706,2411.910431,2420.242401,1544.944742,16.34285243,87.61238875,6.963258012,0.427081405,0,0,14.94977627,0.430406036,0.263559686,2472.571479,1751.74939,7.93904287,464.4306776,466.0350581,1546.937749,85.091839,16.87039475,32.4188991,2.220807046,0,0,14.78929136,2.240982185,1.372268302,476.111398
L18_A_20180801_18,400,20180801,18,7.809885932,0.13804973,7.947935662,0.054019459,7.863905391,B3,20.00720721,18.4,L18_A_20180801_18_05Aug19,Alan_L18,20190805,NEU_29,20.04,144.8,25.03,1394.36,1475.12,7.904054082,427.2825644,428.7660301,1313.563199,65.07487811,15.72189952,29.45679732,1.962896386,0,0,14.96238921,1.714329187,1.047357455,437.8035609,1465.48877,7.863905646,470.0900533,471.7221407,1317.554009,59.50896281,17.29700484,27.14121723,1.789571023,0,0,15.57094918,1.567701006,0.95777599,481.6651004
L18_A_20180806_9,2800,20180806,9,7.15913556,0.13915787,7.29829343,0.05445308,7.21358864,B3,20.16780723,19.2,L18_A_20180806_9_24Jul19,Alan_L18,20190724,NEU_29,20.16,178.65,25.03,2029.58,1994.91,7.382440132,2088.745867,2095.925461,1924.755162,29.78961753,75.03528452,9.979620362,0.638107612,0,0,17.99751929,0.785994788,0.481545916,2142.415548,1947.452515,7.213589099,3042.254801,3052.711867,1900.353702,19.93759831,109.2887642,6.853306817,0.432556549,0,0,14.99597851,0.526050673,0.322289101,3120.4246
L18_A_20180622_17,400,20180622,17,7.676300578,0.135378,7.811678578,0.052974,7.729274578,B2,19.62,19.8,L18_A_20180622_17_09Jul19,Alan_L18,20190709,NEU_29,19.62,180.65,25.04,1373.67,1439.95,7.831396994,506.0664792,507.7929943,1298.938026,56.80761519,17.9244225,25.54551245,1.866192946,0,0,15.75430041,1.507914198,0.922112362,519.4980863,1418.118896,7.729275311,643.5707854,645.7664154,1305.736361,45.13900091,22.79470217,20.64841381,1.475145507,0,0,17.11664861,1.198179859,0.732705124,660.6519207
L18_A_20180806_24,400,20180806,24,7.978388998,0.137773214,8.116162212,0.053911258,8.032300256,B3,19.96713253,18.3,L18_A_20180806_24_25Jul19,Alan_L18,20190725,NEU_29,19.96,146.2,25.04,1340.62,1421.42,7.914393962,400.7809819,402.1741836,1262.138474,63.68852988,14.79298283,29.92718191,1.989691193,0,0,14.70481774,1.677721147,1.024513786,410.5972651,1452.459351,8.032300486,301.8120184,302.8611825,1246.93253,82.54745692,11.13999967,37.83105869,2.610310693,0,0,12.93227436,2.174514224,1.327884436,309.2042659
L18_A_20180617_16,400,20180617,16,7.597701149,0.137085037,7.734786186,0.053641971,7.65134312,B1,19.8673966,19.2,L18_A_20180617_16,Alan_L18,20180719,NEU_23,19.8,155.1,25.05,1386.08,1395.39,7.548439467,981.1795818,984.5521658,1321.117459,29.65731561,35.3051623,14.05913807,0.927564684,0,0,18.35492697,0.784170183,0.479569536,1006.394337,1414.508789,7.651343508,773.9157156,776.5758767,1320.658822,37.57379701,27.84731812,17.54950952,1.175569327,0,0,17.95209534,0.993490161,0.607581908,793.804119
L18_A_20180709_15,2800,20180709,15,7.047957371,0.138324589,7.18628196,0.054127013,7.102084384,B3,20.04704192,20.3,L18_A_20180709_15_10Aug19,Alan_L18,20190810,NEU_29,20.04,182.75,25.05,1705.92,1626.72,7.160142713,2901.53534,2911.372899,1589.483793,15.34221537,101.0940829,6.200983112,0.42112376,0,0,13.95875308,0.406714724,0.249648952,2980.626806,1610.264038,7.10208445,3292.3455,3303.508088,1577.88512,13.32444378,114.7105273,5.442074146,0.368427027,0,0,12.80296979,0.353224573,0.216815717,3382.08986
L18_A_20180806_3,2800,20180806,3,7.053045187,0.13800399,7.191049177,0.054001561,7.107046748,B3,20.00057831,19.3,L18_A_20180806_Maybe23,Alan_L18,20190724,NEU_29,19.7,182.75,25.05,1551.45,1493.69,7.228205617,2257.053791,2264.802221,1454.769367,15.75747195,80.92315858,7.016390818,0.449404206,0,0,15.04980827,0.416393368,0.254913087,2315.363892,1463.355591,7.107046934,2941.232292,2951.329496,1434.243468,11.75321263,105.4533162,5.345228713,0.339999635,0,0,12.67890168,0.310580264,0.19013505,3017.217876
L18_A_20180626_2,2800,20180626,2,7.28,0.136403699,7.416403699,0.053375361,7.333375361,B2,19.76865209,19.1,L18_A_20180626_02_03Jun2018,Alan_L18,20180703,NEU_22,19.77,170.25,25.05,1661.81,1629.72,7.362621697,1793.995311,1800.169477,1574.171023,22.86651851,64.77255096,9.262464321,0.597586994,0,0,17.41407084,0.604829993,0.369586549,1839.854466,1623.182007,7.333375857,1915.48104,1922.073308,1571.312725,21.33855078,69.15881692,8.680688662,0.55866993,0,0,16.96825227,0.564414539,0.34489034,1964.445685
L18_A_20180626_14,2800,20180626,14,7.13,0.138460037,7.268460037,0.054180014,7.184180014,B2,20.06667197,18.9,L18_A_20180626_14_03Jun2018,Alan_L18,20180703,NEU_22,20.07,176.4,25.05,1615.02,1559.03,7.250564716,2228.396728,2236.085122,1517.164773,17.06543529,80.78977295,7.33447328,0.457045745,0,0,15.46066484,0.450132962,0.275419688,2284.74689,1542.714722,7.184180386,2578.987047,2587.885044,1506.971605,14.54806925,93.50030689,6.321335569,0.392261189,0,0,14.17569061,0.383732697,0.234791825,2644.202695
L18_A_20180617_22,400,20180617,22,7.540229885,0.137085037,7.677314922,0.053641971,7.593871856,B1,19.8673966,20,L18_A_20180617_22_03Jun2018,Alan_L18,20180703,NEU_22,19.86,155.2,25.06,1400.8,1418.62,7.583951638,918.3045155,921.4296414,1334.926176,33.57547601,32.29842009,15.48713792,1.08225156,0,0,18.20641872,0.890273624,0.545487164,942.9376572,1420.485596,7.593872403,897.5353893,900.5898348,1334.881995,34.35014457,31.5679326,15.82193163,1.107258404,0,0,18.1683223,0.91081442,0.558072891,921.6114077
L18_A_20180622_8,2800,20180622,8,7.179190751,0.136344,7.315534751,0.053352,7.232542751,B2,19.76,19.3,L18_A_20180622_08,Alan_L18,20181207,NEU_26,19.76,195.25,25.06,2007.26,1968.05,7.366409064,2151.711967,2159.09876,1901.927764,28.08496678,77.2472566,9.38246508,0.613734017,0,0,17.77451562,0.743422306,0.454462953,2207.307052,1930.967407,7.232542892,2899.015782,2908.968058,1882.757086,20.42716116,104.0757404,6.964645848,0.450935081,0,0,15.36105272,0.540716582,0.330546518,2973.919409
L18_A_20180709_3,2800,20180709,3,7.159857904,0.138,7.297857904,0.054,7.213857904,B3,20,20,L18_A_20180709_3_10Aug19,Alan_L18,20190810,NEU_29,20,152.9,25.06,1546.05,1598.78,7.744439707,696.8785855,699.2501663,1467.8865,53.67067514,24.49289754,21.99871248,1.571807848,0,0,17.15989285,1.421741764,0.871819239,715.5708627,1486.974609,7.213858521,2333.167554,2341.107668,1448.438634,15.60858367,82.00285533,6.917781526,0.463253029,0,0,14.87206534,0.413473004,0.253543737,2395.749782
L18_A_20180801_9,2800,20180801,9,7.074144487,0.138739978,7.212884465,0.054289557,7.128434044,B3,20.10724324,18.9,L18_A_20180801_9_05Aug19,Alan_L18,20190805,NEU_29,20.1,179.25,25.06,2084.31,2030.56,7.321610975,2454.880579,2463.350385,1969.205673,26.12330834,88.98118498,8.617399993,0.538868275,0,0,17.0458804,0.688855471,0.42158663,2516.956699,1970.414307,7.128434287,3757.129073,3770.091885,1931.702025,16.42481722,136.1833239,5.592942752,0.345386953,0,0,13.20651876,0.433112263,0.265069158,3852.134915
L18_A_20180626_20,2800,20180626,20,7.12,0.138460037,7.258460037,0.054180014,7.174180014,B2,20.06667197,19.4,L18_A_20180626_20_03Jun2018,Alan_L18,20180703,NEU_22,20.07,176.95,25.06,1527.01,1466.93,7.21201493,2302.41941,2310.313717,1429.712329,15.01328779,82.28438092,6.815869463,0.437696156,0,0,14.74305326,0.396678538,0.242996382,2362.218889,1457.900269,7.174180307,2501.777706,2510.355553,1423.896164,13.70474139,89.40909239,6.261573807,0.401178924,0,0,14.01144627,0.362104347,0.221817008,2566.755009
L18_A_20180617_1,2800,20180617,1,6.971264368,0.135707298,7.106971666,0.053102856,7.024367224,B1,19.66772428,19.8,L18_A_20180617_01,Alan_L18,20180712,NEU_22,20.1,180.65,25.07,1549.45,1480.85,7.180138197,2522.506632,2531.112509,1445.988249,14.13989675,89.32183612,6.231943659,0.417131653,0,0,14.17778633,0.375202456,0.229508195,2589.455414,1438.606201,7.024367884,3532.649726,3544.701844,1414.694651,9.664377221,125.0909535,4.387548,0.291408915,0,0,11.13538981,0.256444452,0.15686492,3626.408287
L18_A_20180622_10,400,20180622,10,7.653179191,0.134717351,7.787896542,0.052715485,7.705894676,B1,19.52425378,19.7,L18_A_20180622_10_25June18,EliseStartup_2018,20180625,NEU_22,19.52,142.45,25.07,1324.57,1410.79,7.925881936,389.9068962,391.2387761,1243.600984,67.11229591,13.85664298,30.68374826,2.292762019,0,0,14.26975403,1.782042562,1.088856386,400.200585,1363.083618,7.705894956,655.7448896,657.9848434,1260.282992,40.98284792,23.30408338,19.47337233,1.381567152,0,0,17.30354911,1.088223526,0.664921906,673.0568015
L18_A_20180709_6,400,20180709,6,7.671403197,0.138324589,7.809727786,0.054127013,7.72553021,B3,20.04704192,19.9,L18_A_20180709_6_10Aug19,Alan_L18,20190810,NEU_29,20.04,153.15,25.07,1495.88,1555.76,7.780797387,618.3876559,620.4947431,1417.854289,56.23540553,21.79026353,23.75592252,1.695874142,0,0,16.57776493,1.488647211,0.912884531,634.8853396,1543.344482,7.725530343,704.0793595,706.4784317,1421.429612,49.64054542,24.80980117,21.15967462,1.493229545,0,0,17.27732279,1.314070003,0.805828385,722.8631733
L18_A_20180626_11,400,20180626,11,7.74,0.138460037,7.878460037,0.054180014,7.794180014,B2,20.06667197,18.6,L18_A_20180626_11_03Jun2018,Alan_L18,20180703,NEU_22,20.07,141.9,25.07,1419.12,1484.7,7.832817353,515.2100168,516.9942772,1343.228408,57.05022324,18.84137106,25.68653158,1.699458371,0,0,16.01322815,1.50330054,0.919176878,528.0315042,1476.036255,7.794180166,564.3807674,566.3353146,1346.17211,52.3083332,20.63955884,23.7090346,1.554795746,0,0,16.55796671,1.37834948,0.842776902,578.4259154
L18_A_20180617_19,2800,20180617,19,6.982758621,0.135707298,7.118465919,0.053102856,7.035861477,B1,19.66772428,19.9,L18_A_06-17-18_19,Alan_Startup,20180622,NEU_22,20,184.75,25.08,1514.8,1432.97,7.119135166,2818.995705,2828.601119,1403.290563,11.97169317,99.53775271,5.447554061,0.365757171,0,0,12.9746016,0.31778355,0.194431639,2894.216265,1410.197388,7.035861763,3372.629836,3384.121697,1385.952882,9.760746562,119.0863803,4.514707066,0.301939164,0,0,11.35971938,0.259094904,0.158523772,3462.623269
L18_A_20180705_22,400,20180705,22,7.758490566,0.137225552,7.895716118,0.053696955,7.812187521,B1,19.88776119,19.4,L18_A_20180705_05_05Jul2019L18_A_20180705_22_05Jul2019,Alan_L18,20190705,NEU_29,19.88,150.65,25.08,1389.53,1433.66,7.727721013,650.025931,652.2546753,1321.072593,45.20406662,23.2533625,20.77026275,1.428097818,0,0,17.17411968,1.195897977,0.731798774,666.910157,1451.651367,7.812187998,532.9892861,534.8167467,1315.774498,54.68891071,19.06661332,24.77998876,1.734702245,0,0,16.07610902,1.446824646,0.885346846,546.8335208
L18_A_20180718_5,400,20180718,5,7.776937618,0.135677,7.912614618,0.053091,7.830028618,B2,19.66333333,17.9,L18_A_20180718_05_11Jun19,Alan_L18,20190611,NEU_28,19.66,179.65,25.08,1568.99,1647.29,7.884917329,503.8132796,505.573459,1482.100922,68.04305079,18.84597227,27.33895911,1.777347429,0,0,15.97056021,1.793840139,1.092443297,515.8955402,1633.67688,7.830028754,573.712382,575.7167688,1487.352182,60.17709801,21.46066426,24.41926268,1.566331765,0,0,16.79389456,1.586467576,0.966154024,587.4709365
L18_A_20180622_20,2800,20180622,20,7.028901734,0.135378,7.164279734,0.052974,7.081875734,B2,19.62,19.3,L18_A_20180622_17,Alan_L18,20181207,NEU_26,19.62,205.15,25.09,1637.75,1548.78,7.12580879,2991.709284,3001.979774,1517.450864,12.81384381,107.4852479,5.426276739,0.351319802,0,0,13.05133641,0.339528675,0.207382857,3069.013107,1536.216797,7.081876288,3289.675418,3300.968822,1508.050191,11.50927806,118.1904872,4.914794876,0.317519299,0,0,12.17757179,0.30496157,0.186269398,3374.678493
L18_A_20180709_24,400,20180709,24,7.719360568,0.138324589,7.857685157,0.054127013,7.773487581,B3,20.04704192,19.5,L18_A_20180709_24_10Aug19,Alan_L18,20190810,NEU_29,20.04,151.65,25.1,1444.88,1500.28,7.771847309,608.7417864,610.8263763,1370.768283,52.41610613,21.6956467,23.09450939,1.602191975,0,0,16.68200298,1.385602027,0.848889377,624.6373711,1500.643066,7.773488149,606.3972595,608.4738208,1370.657676,52.6102724,21.61208742,23.17375353,1.608256784,0,0,16.66031543,1.390734747,0.852033939,622.2316235
L18_A_20180718_8,2800,20180718,8,7.175803403,0.137045171,7.312848574,0.053626371,7.229429774,B2,19.86161905,18.4,L18_A_20180718_8_11Aug19_maybe6or18,Alan_L18,20190811,NEU_29,19.63,172.8,25.1,2114.48,2073.11,7.377723539,2193.73634,2201.352688,2004.292627,29.40423015,80.78303825,9.46970799,0.581907058,0,0,17.95406832,0.775406624,0.473318333,2247.756554,2029.93396,7.229430149,3051.409513,3062.003582,1981.453134,20.66041776,112.3663436,6.806384345,0.413580672,0,0,15.2061517,0.544827214,0.332569649,3126.549716
L18_A_20180626_17,400,20180626,17,7.7,0.138003073,7.838003073,0.054001202,7.754001202,B2,20.00044533,18.9,L18_A_20180626_17_03Jun2018,Alan_L18,20180703,NEU_22,20,145.5,25.1,1422.13,1453.37,7.666534578,764.0977214,766.7340042,1354.79584,39.62208796,27.71210946,18.16296705,1.188912109,0,0,17.94389691,1.045593057,0.639507795,783.4203124,1471.160156,7.754001651,623.0565204,625.2061841,1351.199475,48.33370022,22.59686164,21.85708484,1.454175499,0,0,17.03373739,1.275485063,0.78011482,638.8124453
L18_A_20180626_5,400,20180626,5,7.69,0.138460037,7.828460037,0.054180014,7.744180014,B2,20.06667197,19.1,L18_A_20180626_07_03Jun2018_maybe5?,Alan_L18,20180703,NEU_22,19.97,146.45,25.11,1418.42,1491.54,7.857595083,486.8791809,488.5548111,1339.420941,61.44868659,17.55036978,27.35255965,1.883242342,0,0,15.5019586,1.621920851,0.992854894,499.3232863,1466.158813,7.744180659,636.1576744,638.3470574,1347.864476,47.62415951,22.93136134,21.61390347,1.450413344,0,0,17.06408376,1.257026335,0.769485606,652.4171767
L18_A_20180626_8,2800,20180626,8,7.25,0.137774591,7.387774591,0.053911796,7.303911796,B2,19.96733201,19.5,L18_A_20180626_08_03Jun2018,Alan_L18,20180703,NEU_22,19.97,169.25,25.11,1866.57,1836.71,7.385914661,1913.64041,1920.193526,1770.573663,27.76436814,68.23194474,9.991938126,0.657411458,0,0,17.93862587,0.734359541,0.44969181,1963.611688,1816.267456,7.303912071,2299.75019,2307.62551,1761.699128,22.87193687,81.99891008,8.330731361,0.544295418,0,0,16.66734665,0.604956143,0.37045045,2359.804031
L18_A_20180622_2,2800,20180622,2,7.057803468,0.135861,7.193664468,0.053163,7.110966468,B2,19.69,19.5,L18_A_20180622_2_09Jul19,Alan_L18,20190709,NEU_29,19.69,199.4,25.12,1703.4,1641.16,7.236503335,2443.926126,2452.295165,1598.529351,17.59981865,87.27087928,7.027511351,0.462504304,0,0,15.31765245,0.46643718,0.285152157,2507.753417,1607.114624,7.110967116,3216.168521,3227.182045,1575.560624,12.99231309,114.8471109,5.301819124,0.346401337,0,0,12.81529112,0.344327291,0.210501379,3300.164237
L18_A_20180709_12,400,20180709,12,7.719360568,0.138324589,7.857685157,0.054127013,7.773487581,B3,20.04704192,20.5,L18_A_20180709_12_10Aug19,Alan_L18,20190810,NEU_29,20.04,152.9,25.12,1419.95,1469.65,7.733386216,658.2186105,660.4447373,1348.05094,49.09405325,22.80493426,21.82485861,1.604970102,0,0,16.83657062,1.302401912,0.799823926,676.3549321,1478.412964,7.773488096,599.0068136,601.0326832,1345.456893,53.73957818,20.75345605,23.73387009,1.760227599,0,0,16.31998871,1.425641697,0.875507267,615.5116344
L18_A_20180718_11,400,20180718,11,7.782608696,0.134764886,7.917373582,0.052734086,7.835342782,B2,19.53114286,19.5,L18_A_20180718_8_10Aug19_maybe11,Alan_L18,20190810,NEU_29,19.94,146.9,25.12,1415.4,1491.1,7.872335459,472.9446057,474.5641685,1335.286515,63.21046297,16.90308942,27.41531899,1.990834429,0,0,15.37803637,1.677149252,1.024325377,485.2973077,1482.37207,7.835343447,516.3286694,518.0967977,1338.746705,58.19972211,18.45364037,25.41248644,1.828281777,0,0,15.93053339,1.544200371,0.943126335,529.8145072
L18_A_20180801_15,2800,20180801,15,7.02851711,0.138279813,7.166796923,0.054109492,7.082626602,B3,20.04055255,19.4,L18_A_20180801_15_05Aug19,Alan_L18,20190805,NEU_29,20.04,182.25,25.12,1592.97,1533.71,7.227728436,2320.699843,2328.656827,1493.771254,16.24927312,82.94946049,7.04685244,0.453500272,0,0,15.08299158,0.429415301,0.26300932,2380.974869,1495.894775,7.082627144,3184.748134,3195.667682,1467.705508,11.43108548,113.833394,5.086479753,0.324695492,0,0,12.23356285,0.302086313,0.185022554,3267.464897
L18_A_20180718_15,2800,20180718,15,7.073724008,0.134764886,7.208488894,0.052734086,7.126458094,B3,19.53114286,17.8,L18_A_20180718_15_09Jul19,Alan_L18,20190709,NEU_29,19.63,200.05,25.13,1757.02,1692.8,7.257868975,2377.951178,2386.269504,1650.017176,17.72530718,89.27753098,6.974293579,0.414151713,0,0,15.51337421,0.467570671,0.284458451,2434.680393,1656.341553,7.126458573,3169.641928,3180.729673,1625.119616,12.89971858,119.0006793,5.192519873,0.306019471,0,0,12.83792258,0.340277887,0.207016664,3245.257987
L18_A_20180718_20,2800,20180718,20,7.170132325,0.134992914,7.305125239,0.052823314,7.222955639,B2,19.56419048,18.5,L18_A_20180718_20_09Jul19,Alan_L18,20190709,NEU_29,19.56,200.15,25.13,2237.65,1720.31,6.500385348,14184.89341,14234.0797,1712.655563,3.31161889,521.6826852,1.275322217,0.077260416,0,0,4.247166008,0.087540458,0.053352594,14536.10699,2145.071045,7.222956309,3287.334764,3298.733638,2095.360955,21.38947525,120.899437,6.584130205,0.407875864,0,0,15.10866843,0.565416651,0.344600034,3368.728157
L18_A_20180709_21,2800,20180709,21,7.047957371,0.138324589,7.18628196,0.054127013,7.102084384,B3,20.04704192,20.6,L18_A_20180709_21_10Aug19,Alan_L18,20190810,NEU_29,20.04,183.05,25.14,1676.25,1595.71,7.146458724,2943.876937,2953.820908,1559.777266,14.76316457,101.7095853,6.059758678,0.419218927,0,0,13.72211126,0.391790456,0.240662474,3025.429789,1583.270386,7.10208436,3242.18379,3253.135396,1550.980014,13.2540533,112.015949,5.484206692,0.378500553,0,0,12.84265167,0.351741089,0.216061621,3332.000499
L18_A_20180709_18,400,20180709,18,7.671403197,0.137636407,7.809039604,0.053857725,7.725260922,B3,19.94730539,19.9,L18_A_20180709_18_10Aug19,Alan_L18,20190810,NEU_29,19.94,150.15,25.15,1499.03,1555.18,7.765909039,642.4937257,644.6829516,1422.063882,54.31423731,22.65192087,22.87089584,1.634250255,0,0,16.82434051,1.438826491,0.88180774,659.6353544,1546.130737,7.725261234,706.7721668,709.1804144,1424.563618,49.54828453,24.9181378,21.00148255,1.488232404,0,0,17.32713033,1.312572686,0.804431085,725.6287339
L18_A_20180718_9,2800,20180718,9,7.192816635,0.137045171,7.329861806,0.053626371,7.246443006,B3,19.86161905,18.1,L18_A_20180718_9_11Aug19,Alan_L18,20190811,NEU_29,19.89,172.05,25.15,2112.28,2073.11,7.389206892,2131.03762,2138.464181,2003.301906,29.81477174,79.16343366,9.638856356,0.58128134,0,0,18.10720824,0.785456094,0.47912554,2182.683734,2032.07605,7.246443412,2929.285258,2939.493672,1982.227391,21.23611541,108.8166051,7.015615601,0.418430084,0,0,15.5067463,0.559455441,0.341265912,3000.27706
L18_A_20180723_11,400,20180723,11,7.735521236,0.137774591,7.873295827,0.053911796,7.789433032,B2,19.96733201,18.6,L18_A_20180723_11_15Jul19,Alan_L18,20190715,NEU_29,19.97,179.85,25.15,1415.84,1493.33,7.885378234,454.2754359,455.8486694,1335.421055,63.79695085,16.62199528,28.41533246,1.912952448,0,0,15.26171484,1.682243437,1.027982289,465.5810459,1471.276489,7.789433634,570.0202022,571.9942797,1343.521476,51.46141407,20.85711082,23.31495759,1.533767653,0,0,16.65442185,1.356971218,0.829215527,584.2063668
L18_A_20180801_3,2800,20180801,3,7.068441065,0.135288735,7.2037298,0.05293907,7.121380135,B3,19.60706306,19.4,L18_A_20180801_03_05Aug19,Alan_L18,20190805,NEU_29,19.6,181.05,25.15,1535.8,1477.4,7.225329335,2258.642779,2266.386989,1439.537575,15.34079659,80.92168166,6.795785868,0.445664475,0,0,14.98391898,0.406666605,0.248429155,2317.31829,1451.8125,7.121380594,2835.066282,2844.786875,1422.295813,11.93070471,101.5735349,5.381347524,0.350799751,0,0,12.94054159,0.316269051,0.193206062,2908.716247
L18_A_20180718_12,400,20180718,12,7.776937618,0.134992914,7.911930532,0.052823314,7.829760932,B3,19.56419048,19.5,L18_A_20180718_12_11Aug19,Alan_L18,20190811,NEU_29,19.6,147.25,25.16,1422.38,1478.62,7.786173142,582.513736,584.50851,1349.131268,52.43334613,20.81536687,23.0045991,1.634074093,0,0,16.63083644,1.390870159,0.849649508,597.7279992,1488.395874,7.829761176,525.5768235,527.3766213,1345.774442,57.82473827,18.78080073,25.18039509,1.806590732,0,0,16.016383,1.533884615,0.937013638,539.3039918
L18_A_20180718_21,2800,20180718,21,7.147448015,0.134764886,7.282212901,0.052734086,7.200182101,B3,19.53114286,18.8,L18_A_20180718_21_09Jul19,Alan_L18,20190709,NEU_29,19.53,199.85,25.16,1788.74,1718.53,7.228915418,2600.302403,2609.285174,1676.379098,17.53892445,94.82202392,6.708565465,0.424607178,0,0,15.10423042,0.464214446,0.283059446,2665.723875,1710.72583,7.20018249,2769.852767,2779.421251,1671.368206,16.3670319,101.0048081,6.290281201,0.397424287,0,0,14.52559876,0.433197182,0.264146356,2839.539987
L18_A_20180801_21,2800,20180801,21,7.005703422,0.13804973,7.143753152,0.054019459,7.059722881,B3,20.00720721,18.1,L18_A_2018080121_15Jul19,Alan_L18,20190715,NEU_29,20,202.25,25.17,1602.81,1525.06,7.169870068,2625.9454,2635.09669,1491.873003,13.46674489,97.47036163,5.970155808,0.352174643,0,0,13.75216877,0.354419698,0.216382379,2689.581296,1494.27124,7.059723461,3331.794708,3343.405848,1468.851158,10.28873452,123.6702161,4.657943435,0.273282282,0,0,11.56852028,0.270780371,0.16531841,3412.535817
L18_A_20180622_14,2800,20180622,14,7.034682081,0.13541177,7.170093851,0.052987215,7.087669296,B2,19.62489426,19,L18_A_20180622_14,Alan_L18,20181210,NEU_26,19.62,203.8,25.19,1767.01,1681.82,7.167661146,2939.898184,2950.028715,1645.35579,15.11950615,106.5346659,5.917737333,0.37650464,0,0,13.89477949,0.400188394,0.244270177,3014.654231,1657.907227,7.087669773,3496.859969,3508.909723,1627.85007,12.4423041,126.7175886,4.94254146,0.31316914,0,0,12.27587565,0.329327271,0.201017401,3585.7785
L18_A_20180705_23,400,20180705,23,7.764150943,0.137454261,7.901605204,0.05378645,7.817937393,B2,19.92090746,19,L18_A_20180705_23_09Jul19,Alan_L18,20190709,NEU_29,19.92,184.35,25.19,1380.57,1438.43,7.799156795,544.7210567,546.5980991,1308.848108,52.0143507,19.70754119,23.94462159,1.624767085,0,0,16.33328947,1.373849283,0.840073039,558.5703119,1442.54895,7.817937683,521.1140598,522.9097554,1307.461063,54.2554767,18.85346027,24.89581774,1.696570847,0,0,16.06968703,1.433043896,0.876269002,534.3631191
L18_A_20180723_2,2800,20180723,2,6.959459459,0.137774591,7.09723405,0.053911796,7.013371255,B2,19.96733201,19.4,L18_A_20180723_2_15Jul19,Alan_L18,20190715,NEU_29,19.97,200.6,25.2,1630,1578.15,7.265883203,2183.973091,2191.461281,1533.73636,18.17014175,78.09345313,7.634321652,0.494157368,0,0,15.81562595,0.480428047,0.294125347,2240.698949,1509.10791,7.013371825,3781.937948,3794.90508,1484.931607,9.83564115,135.2327073,4.327360272,0.276282831,0,0,10.91020813,0.260059494,0.159212372,3880.168862
L18_A_20180718_17,400,20180718,17,7.799621928,0.135448971,7.935070899,0.053001771,7.852623699,B2,19.63028571,18.5,L18_A_20180718_17_09Jul19,Alan_L18,20190709,NEU_29,19.63,178.95,25.21,1573.09,1651.18,7.875062232,518.9701089,520.7696442,1485.776536,68.23399412,19.079446,27.11502981,1.834100179,0,0,15.96499133,1.802883644,1.09922776,531.8192428,1645.48877,7.852623619,547.3318832,549.2297633,1488.069738,64.89809809,20.12213985,25.89538141,1.741744468,0,0,16.30582626,1.714742352,1.045487545,560.8832236
L18_A_20180723_17,400,20180723,17,7.752895753,0.137774591,7.890670344,0.053911796,7.806807549,B2,19.96733201,19.3,L18_A_20180723_17_15Jul19,Alan_L18,20190715,NEU_29,19.97,178.65,25.25,1553.21,1631.86,7.861601501,529.2262114,531.0430367,1466.039598,68.19235218,18.97801366,27.51936302,1.930364757,0,0,15.74921261,1.802418047,1.103208912,542.8987825,1618.19519,7.806807961,602.5376245,604.6061267,1471.27883,60.32417844,21.60695563,24.58234003,1.701554406,0,0,16.55489105,1.594451348,0.9759184,618.1041976
L18_A_20180723_23,400,20180723,23,7.776061776,0.137774591,7.913836367,0.053911796,7.829973572,B2,19.96733201,19.1,L18_A_20180723_23_15Jul19,Alan_L18,20190715,NEU_29,19.97,180.85,25.3,1497.25,1569.16,7.844547425,530.681522,532.5079012,1415.316976,62.79342802,19.13964627,26.44816882,1.822577503,0,0,15.93371113,1.65857788,1.014694224,544.2458162,1565.630859,7.829974115,549.3119762,551.2024735,1416.659597,60.7788776,19.81157526,25.66615849,1.762433324,0,0,16.14823993,1.605367076,0.982140616,563.3524674
L18_A_20180718_2,2800,20180718,2,7.124763705,0.137501229,7.262264934,0.053804829,7.178568534,B2,19.92771429,18.9,,,,,,,,,,,,,,,,,,,,,,,,,,,,,,,,,,,,,,
L18_A_20180718_3,2800,20180718,3,7.124763705,0.137045171,7.261808876,0.053626371,7.178390076,B3,19.86161905,18.9,,,,,,,,,,,,,,,,,,,,,,,,,,,,,,,,,,,,,,
L18_A_20180728_24,400,20180728,24,7.801923077,0.138739978,7.940663055,0.054289557,7.856212634,B3,20.10724324,19,,,,,,,,,,,,,,,,,,,,,,,,,,,,,,,,,,,,,,
L18_A_20180806_18,400,20180806,18,7.807465619,0.137773214,7.945238833,0.053911258,7.861376877,B3,19.96713253,19.4,,,,,,,,,,,,,,,,,,,,,,,,,,,,,,,,,,,,,,
